"","X","user_id","status_id","created_at","screen_name","text","source","display_text_width","reply_to_status_id","reply_to_user_id","reply_to_screen_name","is_quote","is_retweet","favorite_count","retweet_count","hashtags","symbols","urls_url","urls_t.co","urls_expanded_url","media_url","media_t.co","media_expanded_url","media_type","ext_media_url","ext_media_t.co","ext_media_expanded_url","ext_media_type","mentions_user_id","mentions_screen_name","lang","quoted_status_id","quoted_text","quoted_created_at","quoted_source","quoted_favorite_count","quoted_retweet_count","quoted_user_id","quoted_screen_name","quoted_name","quoted_followers_count","quoted_friends_count","quoted_statuses_count","quoted_location","quoted_description","quoted_verified","retweet_status_id","retweet_text","retweet_created_at","retweet_source","retweet_favorite_count","retweet_retweet_count","retweet_user_id","retweet_screen_name","retweet_name","retweet_followers_count","retweet_friends_count","retweet_statuses_count","retweet_location","retweet_description","retweet_verified","place_url","place_name","place_full_name","place_type","country","country_code","geo_coords","coords_coords","bbox_coords","status_url","name","location","description","url","protected","followers_count","friends_count","listed_count","statuses_count","favourites_count","account_created_at","verified","profile_url","profile_expanded_url","account_lang","profile_banner_url","profile_background_url","profile_image_url","Upercase","State","Abbreviation"
"1",11,37488758,1104085667599056896,"2019-03-08 18:25:10","nickwohlge","Cool new study in @mbiojounral using network analysis to discover new host factors important for influenza virus replication: https://t.co/2miOmye8Ae https://t.co/0lXVJjM1PK","Twuffer",149,NA,NA,NA,FALSE,FALSE,0,0,NA,NA,"mbio.asm.org/content/9/6/e0…","https://t.co/2miOmye8Ae","https://mbio.asm.org/content/9/6/e02002-18","http://pbs.twimg.com/media/D1KAEDGX4AcpZx4.jpg","https://t.co/0lXVJjM1PK","https://twitter.com/nickwohlge/status/1104085667599056901/photo/1","photo","http://pbs.twimg.com/media/D1KAEDGX4AcpZx4.jpg","https://t.co/0lXVJjM1PK","https://twitter.com/nickwohlge/status/1104085667599056901/photo/1",NA,NA,NA,"en",NA,NA,NA,NA,NA,NA,NA,NA,NA,NA,NA,NA,NA,NA,NA,NA,NA,NA,NA,NA,NA,NA,NA,NA,NA,NA,NA,NA,NA,NA,NA,NA,NA,NA,NA,NA,"NA, NA","NA, NA","NA, NA, NA, NA, NA, NA, NA, NA","https://twitter.com/nickwohlge/status/1104085667599056901","Nick Wohlgemuth","TN","Virology <U+0001F468><U+200D><U+0001F52C> | Football <U+0001F3C8> | BBQ <U+0001F356> | Science Fiction <U+0001F680> | Father of Two <U+0001F467><U+0001F476> - Not necessarily in that order",NA,FALSE,427,1114,9,1065,859,"2009-05-03 20:03:11",FALSE,NA,NA,"en","https://pbs.twimg.com/profile_banners/37488758/1536717601","http://abs.twimg.com/images/themes/theme1/bg.png","http://pbs.twimg.com/profile_images/913552092224253952/5KVpx014_normal.jpg","TENNESSEE","Tennessee","TN"
"2",12,37488758,1101116314687557632,"2019-02-28 13:46:01","nickwohlge","DMO-CAP inhibits influenza virus replication by activating heme oxygenase-1-mediated IFN response: https://t.co/41sYpQlulM @VirologyJ https://t.co/y2unC9Rx2X","Buffer",133,NA,NA,NA,FALSE,FALSE,1,0,NA,NA,"buff.ly/2XibkKJ","https://t.co/41sYpQlulM","https://buff.ly/2XibkKJ","http://pbs.twimg.com/media/D0fzc-PW0AA0Tn6.png","https://t.co/y2unC9Rx2X","https://twitter.com/nickwohlge/status/1101116314687557634/photo/1","photo","http://pbs.twimg.com/media/D0fzc-PW0AA0Tn6.png","https://t.co/y2unC9Rx2X","https://twitter.com/nickwohlge/status/1101116314687557634/photo/1",NA,"705226320","VirologyJ","en",NA,NA,NA,NA,NA,NA,NA,NA,NA,NA,NA,NA,NA,NA,NA,NA,NA,NA,NA,NA,NA,NA,NA,NA,NA,NA,NA,NA,NA,NA,NA,NA,NA,NA,NA,NA,"NA, NA","NA, NA","NA, NA, NA, NA, NA, NA, NA, NA","https://twitter.com/nickwohlge/status/1101116314687557634","Nick Wohlgemuth","TN","Virology <U+0001F468><U+200D><U+0001F52C> | Football <U+0001F3C8> | BBQ <U+0001F356> | Science Fiction <U+0001F680> | Father of Two <U+0001F467><U+0001F476> - Not necessarily in that order",NA,FALSE,427,1114,9,1065,859,"2009-05-03 20:03:11",FALSE,NA,NA,"en","https://pbs.twimg.com/profile_banners/37488758/1536717601","http://abs.twimg.com/images/themes/theme1/bg.png","http://pbs.twimg.com/profile_images/913552092224253952/5KVpx014_normal.jpg","TENNESSEE","Tennessee","TN"
"3",13,37488758,1100847862097821696,"2019-02-27 19:59:17","nickwohlge","Cool modelling works predicts infection dynamics and infectious particle percentage following influenza virus infection in tissue culture: https://t.co/KibltPnrDR @PLOSCompBiol https://t.co/zOaVxagh2o","Twitter Web Client",176,NA,NA,NA,FALSE,FALSE,0,0,NA,NA,"journals.plos.org/ploscompbiol/a…","https://t.co/KibltPnrDR","https://journals.plos.org/ploscompbiol/article?id=10.1371/journal.pcbi.1006819","http://pbs.twimg.com/media/D0b_Q5WV4AE7F5r.png","https://t.co/zOaVxagh2o","https://twitter.com/nickwohlge/status/1100847862097821696/photo/1","photo","http://pbs.twimg.com/media/D0b_Q5WV4AE7F5r.png","https://t.co/zOaVxagh2o","https://twitter.com/nickwohlge/status/1100847862097821696/photo/1",NA,"136325501","PLOSCompBiol","en",NA,NA,NA,NA,NA,NA,NA,NA,NA,NA,NA,NA,NA,NA,NA,NA,NA,NA,NA,NA,NA,NA,NA,NA,NA,NA,NA,NA,NA,NA,NA,NA,NA,NA,NA,NA,"NA, NA","NA, NA","NA, NA, NA, NA, NA, NA, NA, NA","https://twitter.com/nickwohlge/status/1100847862097821696","Nick Wohlgemuth","TN","Virology <U+0001F468><U+200D><U+0001F52C> | Football <U+0001F3C8> | BBQ <U+0001F356> | Science Fiction <U+0001F680> | Father of Two <U+0001F467><U+0001F476> - Not necessarily in that order",NA,FALSE,427,1114,9,1065,859,"2009-05-03 20:03:11",FALSE,NA,NA,"en","https://pbs.twimg.com/profile_banners/37488758/1536717601","http://abs.twimg.com/images/themes/theme1/bg.png","http://pbs.twimg.com/profile_images/913552092224253952/5KVpx014_normal.jpg","TENNESSEE","Tennessee","TN"
"4",14,37488758,1101479207329300480,"2019-03-01 13:48:02","nickwohlge","Influenza virus entry via the GM3 ganglioside-mediated platelet-derived growth factor receptor ß signalling pathway: https://t.co/QQdlM9egoP @MicrobioSoc https://t.co/gw5d6g5VQg","Buffer",153,NA,NA,NA,FALSE,FALSE,7,1,NA,NA,"buff.ly/2NnmfhJ","https://t.co/QQdlM9egoP","https://buff.ly/2NnmfhJ","http://pbs.twimg.com/media/D0k9gFhX0AA-t7U.jpg","https://t.co/gw5d6g5VQg","https://twitter.com/nickwohlge/status/1101479207329300480/photo/1","photo","http://pbs.twimg.com/media/D0k9gFhX0AA-t7U.jpg","https://t.co/gw5d6g5VQg","https://twitter.com/nickwohlge/status/1101479207329300480/photo/1",NA,"98877698","MicrobioSoc","ro",NA,NA,NA,NA,NA,NA,NA,NA,NA,NA,NA,NA,NA,NA,NA,NA,NA,NA,NA,NA,NA,NA,NA,NA,NA,NA,NA,NA,NA,NA,NA,NA,NA,NA,NA,NA,"NA, NA","NA, NA","NA, NA, NA, NA, NA, NA, NA, NA","https://twitter.com/nickwohlge/status/1101479207329300480","Nick Wohlgemuth","TN","Virology <U+0001F468><U+200D><U+0001F52C> | Football <U+0001F3C8> | BBQ <U+0001F356> | Science Fiction <U+0001F680> | Father of Two <U+0001F467><U+0001F476> - Not necessarily in that order",NA,FALSE,427,1114,9,1065,859,"2009-05-03 20:03:11",FALSE,NA,NA,"en","https://pbs.twimg.com/profile_banners/37488758/1536717601","http://abs.twimg.com/images/themes/theme1/bg.png","http://pbs.twimg.com/profile_images/913552092224253952/5KVpx014_normal.jpg","TENNESSEE","Tennessee","TN"
"5",26,14715573,1104061007188631552,"2019-03-08 16:47:11","WSMV","Officials are warning horse owners about how to prevent the equine influenza virus from spreading in Tennessee https://t.co/jErP1ppz3f","TweetDeck",134,NA,NA,NA,FALSE,FALSE,5,3,NA,NA,"bit.ly/2Hmfagf","https://t.co/jErP1ppz3f","http://bit.ly/2Hmfagf",NA,NA,NA,NA,NA,NA,NA,NA,NA,NA,"en",NA,NA,NA,NA,NA,NA,NA,NA,NA,NA,NA,NA,NA,NA,NA,NA,NA,NA,NA,NA,NA,NA,NA,NA,NA,NA,NA,NA,NA,NA,NA,NA,NA,NA,NA,NA,"NA, NA","NA, NA","NA, NA, NA, NA, NA, NA, NA, NA","https://twitter.com/WSMV/status/1104061007188631552","WSMV News4 Nashville","TN","We're Working 4 You, Nashville! Email news tips to news@wsmv.com.","http://t.co/LQd3yio6ir",FALSE,254782,2281,1891,172041,3382,"2008-05-09 17:07:01",TRUE,"http://t.co/LQd3yio6ir","http://www.wsmv.com","en","https://pbs.twimg.com/profile_banners/14715573/1551964961","http://abs.twimg.com/images/themes/theme1/bg.png","http://pbs.twimg.com/profile_images/899825179290869760/Dh5XxhEl_normal.jpg","TENNESSEE","Tennessee","TN"
"6",30,34280715,1104057844154974208,"2019-03-08 16:34:37","FOXNashville","State Veterinarian: Several Tennessee horses infected with Influenza Virus. https://t.co/xoCyuMQIKx https://t.co/H6FjUZ55SW","Twitter Web Client",99,NA,NA,NA,FALSE,FALSE,2,3,NA,NA,"bit.ly/2IXHUyo","https://t.co/xoCyuMQIKx","https://bit.ly/2IXHUyo","http://pbs.twimg.com/media/D1JmthPXgAcssms.jpg","https://t.co/H6FjUZ55SW","https://twitter.com/FOXNashville/status/1104057844154974209/photo/1","photo","http://pbs.twimg.com/media/D1JmthPXgAcssms.jpg","https://t.co/H6FjUZ55SW","https://twitter.com/FOXNashville/status/1104057844154974209/photo/1",NA,NA,NA,"en",NA,NA,NA,NA,NA,NA,NA,NA,NA,NA,NA,NA,NA,NA,NA,NA,NA,NA,NA,NA,NA,NA,NA,NA,NA,NA,NA,NA,NA,NA,NA,NA,NA,NA,NA,NA,"NA, NA","NA, NA","NA, NA, NA, NA, NA, NA, NA, NA","https://twitter.com/FOXNashville/status/1104057844154974209","FoxNashville","TN","Watch FOX 17 News Nashville at 5:30 p.m., 9 p.m. and 10 p.m. and FOX 17 This Morning weekdays from 4 a.m.–9 a.m.","https://t.co/QmNMxylWR3",FALSE,76629,4031,936,155368,10804,"2009-04-22 14:08:58",TRUE,"https://t.co/QmNMxylWR3","http://www.fox17.com","en","https://pbs.twimg.com/profile_banners/34280715/1551900628","http://abs.twimg.com/images/themes/theme1/bg.png","http://pbs.twimg.com/profile_images/1103376984942489601/Yp2JDq1p_normal.png","TENNESSEE","Tennessee","TN"
"7",31,904658091400204288,1104017854960160768,"2019-03-08 13:55:42","dferhadian","That's awesome! 
""A small-molecule fusion inhibitor of influenza virus is orally active in mice"" https://t.co/tTp5gmuboz","Twitter Web Client",120,NA,NA,NA,FALSE,FALSE,0,0,NA,NA,"science.sciencemag.org/content/363/64…","https://t.co/tTp5gmuboz","http://science.sciencemag.org/content/363/6431/eaar6221",NA,NA,NA,NA,NA,NA,NA,NA,NA,NA,"en",NA,NA,NA,NA,NA,NA,NA,NA,NA,NA,NA,NA,NA,NA,NA,NA,NA,NA,NA,NA,NA,NA,NA,NA,NA,NA,NA,NA,NA,NA,NA,NA,NA,NA,NA,NA,"NA, NA","NA, NA","NA, NA, NA, NA, NA, NA, NA, NA","https://twitter.com/dferhadian/status/1104017854960160770","Damien Ferhadian","MD","PostDoc in molecular biology / virology.  Working on HIV at @nih, @NIAIDNews.  Tweets and views are mine Tweets in french/english
Alumni @unistra",NA,FALSE,110,310,0,558,248,"2017-09-04 10:51:11",FALSE,NA,NA,"en","https://pbs.twimg.com/profile_banners/904658091400204288/1545336544","http://abs.twimg.com/images/themes/theme1/bg.png","http://pbs.twimg.com/profile_images/998807513909772293/IuWSH0MS_normal.jpg","MARYLAND","Maryland","MD"
"8",33,282805521,1104035359866974208,"2019-03-08 15:05:16","PharPoint","Compared to most disease-causing viruses, influenza is a particularly hard nut to crack. To evade the flu virus, we need a different vaccine each year which, even at its most effective, can fail to protect against all strains of the virus.
Why?: https://t.co/PbRZLOY0v8 https://t.co/TNBwKmJ0Up","Hootsuite Inc.",269,NA,NA,NA,FALSE,FALSE,0,0,NA,NA,"ow.ly/y1X730nXX2M","https://t.co/PbRZLOY0v8","http://ow.ly/y1X730nXX2M","http://pbs.twimg.com/media/D1JSTsKXQAAZiRp.png","https://t.co/TNBwKmJ0Up","https://twitter.com/PharPoint/status/1104035359866974209/photo/1","photo","http://pbs.twimg.com/media/D1JSTsKXQAAZiRp.png","https://t.co/TNBwKmJ0Up","https://twitter.com/PharPoint/status/1104035359866974209/photo/1",NA,NA,NA,"en",NA,NA,NA,NA,NA,NA,NA,NA,NA,NA,NA,NA,NA,NA,NA,NA,NA,NA,NA,NA,NA,NA,NA,NA,NA,NA,NA,NA,NA,NA,NA,NA,NA,NA,NA,NA,"NA, NA","NA, NA","NA, NA, NA, NA, NA, NA, NA, NA","https://twitter.com/PharPoint/status/1104035359866974209","PharPoint Research","NC","We're an award-winning #CRO with expertise in project management, clinical monitoring, data management & biostats. Tweeting all things pharm, science & biotech.","http://t.co/fpcSvw6Gpf",FALSE,2881,394,30,858,114,"2011-04-15 23:51:27",FALSE,"http://t.co/fpcSvw6Gpf","http://www.PharPoint.com","en","https://pbs.twimg.com/profile_banners/282805521/1501853603","http://abs.twimg.com/images/themes/theme15/bg.png","http://pbs.twimg.com/profile_images/953289555007897601/zTDBfMbp_normal.jpg","NORTH CAROLINA","North Carolina","NC"
"9",36,227474464,1104025221835751424,"2019-03-08 14:24:59","subbasegirl","""The discovery of human broadly neutralizing antibodies (bnAbs) to influenza virus provides hope for the development of broad-spectrum, universal vaccines""
A small-molecule fusion inhibitor of influenza virus is orally active in mice https://t.co/iK5R9Ue19w https://t.co/pxkHOdDgvQ","TweetDeck",257,NA,NA,NA,FALSE,FALSE,0,0,NA,NA,"science.sciencemag.org/content/363/64…","https://t.co/iK5R9Ue19w","http://science.sciencemag.org/content/363/6431/eaar6221","http://pbs.twimg.com/media/D1JJERHW0AE6QgH.jpg","https://t.co/pxkHOdDgvQ","https://twitter.com/subbasegirl/status/1104025221835751425/photo/1","photo","http://pbs.twimg.com/media/D1JJERHW0AE6QgH.jpg","https://t.co/pxkHOdDgvQ","https://twitter.com/subbasegirl/status/1104025221835751425/photo/1",NA,NA,NA,"en",NA,NA,NA,NA,NA,NA,NA,NA,NA,NA,NA,NA,NA,NA,NA,NA,NA,NA,NA,NA,NA,NA,NA,NA,NA,NA,NA,NA,NA,NA,NA,NA,NA,NA,NA,NA,"NA, NA","NA, NA","NA, NA, NA, NA, NA, NA, NA, NA","https://twitter.com/subbasegirl/status/1104025221835751425","Jessie Slater","MD","Straddling great divide between arts + sciences. Apparently an archaeologist. Herding cats at @sciencemagazine. I have my own opinions, especially about fútbol.","https://t.co/AoG8SAtH2W",FALSE,483,380,22,21157,48141,"2010-12-16 23:02:37",FALSE,"https://t.co/AoG8SAtH2W","http://etheses.whiterose.ac.uk/9599/","en","https://pbs.twimg.com/profile_banners/227474464/1398698590","http://abs.twimg.com/images/themes/theme1/bg.png","http://pbs.twimg.com/profile_images/823238382797078528/Iw1lAnB1_normal.jpg","MARYLAND","Maryland","MD"
"10",37,2893477011,1104020232765689856,"2019-03-08 14:05:09","cellhostmicrobe","A new means to fight #flu: New work identifies an orally active small molecule against #influenza A HA that functionally mimics #bnAbs by preventing #virus fusion &amp; exhibits efficacy against range of #influenzaA viruses @sciencemagazine @scrippsresearch  https://t.co/I5TQldRyae https://t.co/fLbUxll1XT","Twitter Web Client",282,NA,NA,NA,FALSE,FALSE,10,7,"flu, influenza, bnAbs, virus, influenzaA",NA,"science.sciencemag.org/content/363/64…","https://t.co/I5TQldRyae","http://science.sciencemag.org/content/363/6431/eaar6221","http://pbs.twimg.com/media/D1JEbJzWwAAr8oY.jpg","https://t.co/fLbUxll1XT","https://twitter.com/cellhostmicrobe/status/1104020232765689859/photo/1","photo","http://pbs.twimg.com/media/D1JEbJzWwAAr8oY.jpg","https://t.co/fLbUxll1XT","https://twitter.com/cellhostmicrobe/status/1104020232765689859/photo/1",NA,"32372834, 805004869","sciencemagazine, scrippsresearch","en",NA,NA,NA,NA,NA,NA,NA,NA,NA,NA,NA,NA,NA,NA,NA,NA,NA,NA,NA,NA,NA,NA,NA,NA,NA,NA,NA,NA,NA,NA,NA,NA,NA,NA,NA,NA,"NA, NA","NA, NA","NA, NA, NA, NA, NA, NA, NA, NA","https://twitter.com/cellhostmicrobe/status/1104020232765689859","Cell Host & Microbe","MA","The scientific editors of Cell Host & Microbe, a Cell Press journal, bring you the latest information and insights from the forefront of host-microbe research.","http://t.co/T3nDxhtyPc",FALSE,9468,262,123,2174,747,"2014-11-26 16:39:17",FALSE,"http://t.co/T3nDxhtyPc","http://www.cell.com/cell-host-microbe","en","https://pbs.twimg.com/profile_banners/2893477011/1417020164","http://abs.twimg.com/images/themes/theme1/bg.png","http://pbs.twimg.com/profile_images/608102120026423297/AqRpi-75_normal.jpg","MASSACHUSETTS","Massachusetts","MA"
"11",42,878426345440768000,1103999516435496960,"2019-03-08 12:42:50","UWbernardLab","@MadisonVirology Great talk by @LangloisLab yesterday. Loved hearing about his single cycle infection studies with #influenza #virus and talking science. #LoveVirology","Twitter for iPhone",150,1101529521495465984,1044349564743032832,"MadisonVirology",FALSE,FALSE,4,0,"influenza, virus, LoveVirology",NA,NA,NA,NA,NA,NA,NA,NA,NA,NA,NA,NA,"1044349564743032832, 3156384278","MadisonVirology, LangloisLab","en",NA,NA,NA,NA,NA,NA,NA,NA,NA,NA,NA,NA,NA,NA,NA,NA,NA,NA,NA,NA,NA,NA,NA,NA,NA,NA,NA,NA,NA,NA,NA,NA,NA,NA,NA,NA,"NA, NA","NA, NA","NA, NA, NA, NA, NA, NA, NA, NA","https://twitter.com/UWbernardLab/status/1103999516435496961","Bernard Lab","WI","We study arboviruses, including West Nile and Zika viruses, at UW-Madison.",NA,FALSE,618,180,3,1937,5014,"2017-06-24 01:35:35",FALSE,NA,NA,"en","https://pbs.twimg.com/profile_banners/878426345440768005/1498688349",NA,"http://pbs.twimg.com/profile_images/880892781086085122/hK6lOias_normal.jpg","WISCONSIN","Wisconsin","WI"
"12",45,537123150,1103981295628177408,"2019-03-08 11:30:26","10queues","A small-molecule fusion inhibitor of influenza virus is orally active in mice https://t.co/SxOlmnHs7J","Twitter for iPhone",101,NA,NA,NA,FALSE,FALSE,7,6,NA,NA,"science.sciencemag.org/content/363/64…","https://t.co/SxOlmnHs7J","http://science.sciencemag.org/content/363/6431/eaar6221",NA,NA,NA,NA,NA,NA,NA,NA,NA,NA,"en",NA,NA,NA,NA,NA,NA,NA,NA,NA,NA,NA,NA,NA,NA,NA,NA,NA,NA,NA,NA,NA,NA,NA,NA,NA,NA,NA,NA,NA,NA,NA,NA,NA,NA,NA,NA,"NA, NA","NA, NA","NA, NA, NA, NA, NA, NA, NA, NA","https://twitter.com/10queues/status/1103981295628177408","Paul Duprex","PA","Virologist and @PittCVR Director who loves pathogenesis, zoonosis, understanding vaccines, imaging infections, running, gym and Lego, personal tweets #NSV2021","https://t.co/7hRhvn343W",FALSE,3051,43,75,5875,14958,"2012-03-26 08:22:22",FALSE,"https://t.co/7hRhvn343W","http://www.cvr.pitt.edu","en","https://pbs.twimg.com/profile_banners/537123150/1486068068","http://abs.twimg.com/images/themes/theme1/bg.png","http://pbs.twimg.com/profile_images/875678870191689728/i2BHThhK_normal.jpg","PENNSYLVANIA","Pennsylvania","PA"
"13",46,786769008339156992,1103976913939386368,"2019-03-08 11:13:01","dmullinsdms","Antibodies inspire a new small-molecule fusion inhibitor of influenza virus ... very cool! https://t.co/5lgBl7Vl6X  #Geiselimmunology","Twitter Web Client",133,NA,NA,NA,FALSE,FALSE,0,0,"Geiselimmunology",NA,"science.sciencemag.org/content/363/64…","https://t.co/5lgBl7Vl6X","http://science.sciencemag.org/content/363/6431/eaar6221",NA,NA,NA,NA,NA,NA,NA,NA,NA,NA,"en",NA,NA,NA,NA,NA,NA,NA,NA,NA,NA,NA,NA,NA,NA,NA,NA,NA,NA,NA,NA,NA,NA,NA,NA,NA,NA,NA,NA,NA,NA,NA,NA,NA,NA,NA,NA,"NA, NA","NA, NA","NA, NA, NA, NA, NA, NA, NA, NA","https://twitter.com/dmullinsdms/status/1103976913939386368","David W. Mullins","VT","Medical Educator, Cancer Immunologist, and Associate Dean, Geisel School of Medicine at Dartmouth","https://t.co/5liPVmDrwv",FALSE,257,465,3,365,719,"2016-10-14 03:22:03",FALSE,"https://t.co/5liPVmDrwv","https://www.linkedin.com/in/david-mullins-1981785a/","en","https://pbs.twimg.com/profile_banners/786769008339156992/1547650954","http://abs.twimg.com/images/themes/theme1/bg.png","http://pbs.twimg.com/profile_images/1044601098604994560/Xsq_QjcT_normal.jpg","VERMONT","Vermont","VT"
"14",50,554613824,1103897698904662016,"2019-03-08 05:58:15","Shplada","@CalmChaos45 @norvina1 @Madisonjacoe19 It is funny, but completely different circumstances honestly. Influenza is a common virus that mutates and there are few deaths (relatively). The vaccines we are talking about for children have basically eradicated polio, measles, and mumps.","Twitter for iPhone",241,1103873041245724672,1049427278306963456,"CalmChaos45",FALSE,FALSE,1,0,NA,NA,NA,NA,NA,NA,NA,NA,NA,NA,NA,NA,NA,"1049427278306963456, 2516590279, 2903945779","CalmChaos45, norvina1, Madisonjacoe19","en",NA,NA,NA,NA,NA,NA,NA,NA,NA,NA,NA,NA,NA,NA,NA,NA,NA,NA,NA,NA,NA,NA,NA,NA,NA,NA,NA,NA,NA,NA,NA,NA,NA,NA,NA,NA,"NA, NA","NA, NA","NA, NA, NA, NA, NA, NA, NA, NA","https://twitter.com/Shplada/status/1103897698904662018","Z. Bender","TX","Name's Bender - New Braunfels, TX - Cardinals, Cowboys, Spurs, and Blues, in that order - Am I serious or satirical? The answer is an always astounding ‘yes’.",NA,FALSE,72,127,0,997,206,"2012-04-15 20:21:01",FALSE,NA,NA,"en","https://pbs.twimg.com/profile_banners/554613824/1500584042","http://abs.twimg.com/images/themes/theme1/bg.png","http://pbs.twimg.com/profile_images/888139711843270656/kQqMpXA5_normal.jpg","TEXAS","Texas","TX"
"15",51,145865447,1103886398141022208,"2019-03-08 05:13:21","DrRPalmquist","Anti-influenza A virus activity of rhein through regulating oxidative stress, TLR4, Akt, MAPK, and NF-<U+03BA>B signal pathways. - PubMed - NCBI https://t.co/fFdn42m95l","Twitter for iPhone",161,NA,NA,NA,FALSE,FALSE,0,0,NA,NA,"ncbi.nlm.nih.gov/pubmed/2938519…","https://t.co/fFdn42m95l","https://www.ncbi.nlm.nih.gov/pubmed/29385192/",NA,NA,NA,NA,NA,NA,NA,NA,NA,NA,"en",NA,NA,NA,NA,NA,NA,NA,NA,NA,NA,NA,NA,NA,NA,NA,NA,NA,NA,NA,NA,NA,NA,NA,NA,NA,NA,NA,NA,NA,NA,NA,NA,NA,NA,NA,NA,"NA, NA","NA, NA","NA, NA, NA, NA, NA, NA, NA, NA","https://twitter.com/DrRPalmquist/status/1103886398141022213","Dr Richard Palmquist","CA","Centinela Animal Hospital, Inc. Author of Releasing Your Pet's Hidden Health Potential, and Integrating Complementary Medicine into Veterinary Practice.","http://t.co/oqar5BsGxG",FALSE,5237,5791,203,44754,23795,"2010-05-20 02:16:27",FALSE,"http://t.co/oqar5BsGxG","http://www.LovAPet.com","en","https://pbs.twimg.com/profile_banners/145865447/1353820930","http://abs.twimg.com/images/themes/theme1/bg.png","http://pbs.twimg.com/profile_images/536479953593073666/9u7NKAMD_normal.jpeg","CALIFORNIA","California","CA"
"16",59,357635635,1103806852180123648,"2019-03-07 23:57:15","OBrienPharmacy","""Research published Thursday in Science details the early development of what might eventually become a drug that's more broadly effective. It's designed to target areas of the influenza virus that hold constant from strain to strain.""
https://t.co/kdO8OTgUHI","Twitter Web Client",259,NA,NA,NA,FALSE,FALSE,1,0,NA,NA,"npr.org/sections/healt…","https://t.co/kdO8OTgUHI","https://www.npr.org/sections/health-shots/2019/03/07/700796147/an-antibody-inspired-small-molecule-could-make-for-a-better-flu-treatment",NA,NA,NA,NA,NA,NA,NA,NA,NA,NA,"en",NA,NA,NA,NA,NA,NA,NA,NA,NA,NA,NA,NA,NA,NA,NA,NA,NA,NA,NA,NA,NA,NA,NA,NA,NA,NA,NA,NA,NA,NA,NA,NA,NA,NA,NA,NA,"NA, NA","NA, NA","NA, NA, NA, NA, NA, NA, NA, NA","https://twitter.com/OBrienPharmacy/status/1103806852180123648","O'Brien Pharmacy","NY","Your Local Independent Pharmacy for More Than 50 Years","http://t.co/3zuQikoqbQ",FALSE,228,63,4,1395,8,"2011-08-18 17:36:36",FALSE,"http://t.co/3zuQikoqbQ","http://www.obrienpharmacy.com","en","https://pbs.twimg.com/profile_banners/357635635/1399696709","http://abs.twimg.com/images/themes/theme1/bg.png","http://pbs.twimg.com/profile_images/1502120745/172277_196110200418708_161892850507110_659332_4734440_o__1__normal.jpg","NEW YORK","New York","NY"
"17",73,961227621337100288,1103756737788739584,"2019-03-07 20:38:07","KazunoriKoide","I may use this paper in the chemical biology course I am currently teaching!

A small-molecule fusion inhibitor of influenza virus is orally active in mice https://t.co/ISVjpiZBMU","Twitter Web Client",179,NA,NA,NA,FALSE,FALSE,1,0,NA,NA,"science.sciencemag.org/content/363/64…","https://t.co/ISVjpiZBMU","http://science.sciencemag.org/content/363/6431/eaar6221",NA,NA,NA,NA,NA,NA,NA,NA,NA,NA,"en",NA,NA,NA,NA,NA,NA,NA,NA,NA,NA,NA,NA,NA,NA,NA,NA,NA,NA,NA,NA,NA,NA,NA,NA,NA,NA,NA,NA,NA,NA,NA,NA,NA,NA,NA,NA,"NA, NA","NA, NA","NA, NA, NA, NA, NA, NA, NA, NA","https://twitter.com/KazunoriKoide/status/1103756737788739584","Koide Group","PA","Chemistry professor, Univ of Pittsburgh. Synthesis & biology of natural products, anticancer drugs, fluorescent chemosensors, antidotes for nerve agents","https://t.co/BMram2a0VW",FALSE,257,153,2,88,117,"2018-02-07 13:18:18",FALSE,"https://t.co/BMram2a0VW","http://www.chem.pitt.edu/person/kazunori-koide","en","https://pbs.twimg.com/profile_banners/961227621337100288/1518272562",NA,"http://pbs.twimg.com/profile_images/961230191518408704/XtlVWU0w_normal.jpg","PENNSYLVANIA","Pennsylvania","PA"
"18",74,1086221430168141824,1103738520160649216,"2019-03-07 19:25:44","DonnaShroyer4","Research published Thursday in Science details the early development of what might eventually become a drug that's more broadly effective. It's designed to target areas of the influenza virus that hold constant from strain to strain. https://t.co/JFXJKVZVS1","Twitter for iPhone",257,NA,NA,NA,FALSE,FALSE,0,0,NA,NA,"npr.org/sections/healt…","https://t.co/JFXJKVZVS1","https://www.npr.org/sections/health-shots/2019/03/07/700796147/an-antibody-inspired-small-molecule-could-make-for-a-better-flu-treatment",NA,NA,NA,NA,NA,NA,NA,NA,NA,NA,"en",NA,NA,NA,NA,NA,NA,NA,NA,NA,NA,NA,NA,NA,NA,NA,NA,NA,NA,NA,NA,NA,NA,NA,NA,NA,NA,NA,NA,NA,NA,NA,NA,NA,NA,NA,NA,"NA, NA","NA, NA","NA, NA, NA, NA, NA, NA, NA, NA","https://twitter.com/DonnaShroyer4/status/1103738520160649217","Donna Shroyer","CO","Atheist, Liberal, Feminist, anti-BernieOrBust, supporter of LGBTQ and Animal rights",NA,FALSE,558,3047,3,1977,10564,"2019-01-18 11:19:04",FALSE,NA,NA,"en","https://pbs.twimg.com/profile_banners/1086221430168141825/1548082298",NA,"http://pbs.twimg.com/profile_images/1089150035328143360/-xjKjsds_normal.jpg","COLORADO","Colorado","CO"
"19",76,97476659,1103729595369558016,"2019-03-07 18:50:16","einsteinmedicin","Another reason to wash your hands!  ""When influenza is rampant in the northeastern United States, simultaneously another virus, norovirus (and its cousin, sapovirus), is lurking on hands and surfaces.""  #norovirus #pathogen @USNewsHealth #microbiology #infectiousdiseases https://t.co/N8nzAbVB7M","Twitter Web Client",271,NA,NA,NA,TRUE,FALSE,0,0,"norovirus, pathogen, microbiology, infectiousdiseases",NA,"twitter.com/EinsteinPath/s…","https://t.co/N8nzAbVB7M","https://twitter.com/EinsteinPath/status/1103428527909752838",NA,NA,NA,NA,NA,NA,NA,NA,"238297613","USNewsHealth","en",1103428527909752832,"Dr. Michael H. Levi, Director #ClinicalMicrobiology @MontefioreNYC @EinsteinMed Laboratory and Assoc Prof #Pathology offers vital info &amp; #prevention tips on #Norovirus in U.S. News &amp; World Report online https://t.co/MBV1gPixUv @Pathologists #epidemiology https://t.co/WBQy3Moq5e","2019-03-06 22:53:56","Twitter Web Client",5,1,378646366,"EinsteinPath","Einstein Pathology",2714,1794,1166,"Bronx, NY","Pathology Department of the Albert Einstein College of Medicine. Research/Clinical Education Info, Research Programs, Fellowship Opportunities, News, and More.",FALSE,NA,NA,NA,NA,NA,NA,NA,NA,NA,NA,NA,NA,NA,NA,NA,NA,NA,NA,NA,NA,NA,"NA, NA","NA, NA","NA, NA, NA, NA, NA, NA, NA, NA","https://twitter.com/einsteinmedicin/status/1103729595369558023","Einstein Dept of Medicine","NY","Albert Einstein College of Medicine Department of Medicine official Twitter page. Medical education/CME opportunities, biomedical research news, and more.","http://t.co/IaVvTGVPUO",FALSE,685,1028,31,1344,567,"2009-12-17 16:32:10",FALSE,"http://t.co/IaVvTGVPUO","http://www.einstein.yu.edu/medicine","en","https://pbs.twimg.com/profile_banners/97476659/1547735257","http://abs.twimg.com/images/themes/theme1/bg.png","http://pbs.twimg.com/profile_images/1085906492551819264/VgrszsfF_normal.jpg","NEW YORK","New York","NY"
"20",89,1264016365,1103692518280101888,"2019-03-07 16:22:56","elcircotv","¡No es momento de bajar la guardia contra el #virus de la #influenza: SVG!
 https://t.co/mUSndIeVBk","Twitter Web Client",99,NA,NA,NA,FALSE,FALSE,0,0,"virus, influenza",NA,"noticieroelcirco.blogspot.com/2019/03/no-es-…","https://t.co/mUSndIeVBk","https://noticieroelcirco.blogspot.com/2019/03/no-es-momento-de-bajar-la-guardia.html?spref=tw",NA,NA,NA,NA,NA,NA,NA,NA,NA,NA,"ca",NA,NA,NA,NA,NA,NA,NA,NA,NA,NA,NA,NA,NA,NA,NA,NA,NA,NA,NA,NA,NA,NA,NA,NA,NA,NA,NA,NA,NA,NA,NA,NA,NA,NA,NA,NA,"NA, NA","NA, NA","NA, NA, NA, NA, NA, NA, NA, NA","https://twitter.com/elcircotv/status/1103692518280101890","EL CIRCO","CO","PERIODISTA Y EN CONTRA DE LA INJUSTICIA SOCIAL.
SÍGUEME Y TE SIGO...","https://t.co/MTKbL51eHz",FALSE,10406,10610,155,123782,21,"2013-03-13 09:25:17",FALSE,"https://t.co/MTKbL51eHz","http://www.noticieroelcirco.com","es","https://pbs.twimg.com/profile_banners/1264016365/1483600876","http://abs.twimg.com/images/themes/theme1/bg.png","http://pbs.twimg.com/profile_images/632321318835228672/IhfOsHoC_normal.jpg","COLORADO","Colorado","CO"
"21",90,1264016365,1103683998394576896,"2019-03-07 15:49:05","elcircotv","¡No es momento de bajar la #guardia contra el #virus de la #influenza: SVG! https://t.co/3ypvvdWsgy","Twitter Web Client",99,NA,NA,NA,FALSE,FALSE,0,0,"guardia, virus, influenza",NA,"noticieroelcirco.com/no-es-momento-…","https://t.co/3ypvvdWsgy","https://noticieroelcirco.com/no-es-momento-de-bajar-la-guardia-contra-el-virus-de-la-influenza-svg/",NA,NA,NA,NA,NA,NA,NA,NA,NA,NA,"ca",NA,NA,NA,NA,NA,NA,NA,NA,NA,NA,NA,NA,NA,NA,NA,NA,NA,NA,NA,NA,NA,NA,NA,NA,NA,NA,NA,NA,NA,NA,NA,NA,NA,NA,NA,NA,"NA, NA","NA, NA","NA, NA, NA, NA, NA, NA, NA, NA","https://twitter.com/elcircotv/status/1103683998394576898","EL CIRCO","CO","PERIODISTA Y EN CONTRA DE LA INJUSTICIA SOCIAL.
SÍGUEME Y TE SIGO...","https://t.co/MTKbL51eHz",FALSE,10406,10610,155,123782,21,"2013-03-13 09:25:17",FALSE,"https://t.co/MTKbL51eHz","http://www.noticieroelcirco.com","es","https://pbs.twimg.com/profile_banners/1264016365/1483600876","http://abs.twimg.com/images/themes/theme1/bg.png","http://pbs.twimg.com/profile_images/632321318835228672/IhfOsHoC_normal.jpg","COLORADO","Colorado","CO"
"22",92,812010037036142592,1103688606361812992,"2019-03-07 16:07:23","HealthyBuilds","Low Temperature and Low UV Indexes Correlated with Peaks of Influenza Virus Activity in Northern Europe during 2010–2018

https://t.co/0Oc11ABWzX","App for healthybuilds",145,NA,NA,NA,FALSE,FALSE,0,0,NA,NA,"healthybuilds.com/low-temperatur…","https://t.co/0Oc11ABWzX","https://healthybuilds.com/low-temperature-and-low-uv-indexes-correlated-with-peaks-of-influenza-virus-activity-in-northern-europe-during-2010-2018/",NA,NA,NA,NA,NA,NA,NA,NA,NA,NA,"en",NA,NA,NA,NA,NA,NA,NA,NA,NA,NA,NA,NA,NA,NA,NA,NA,NA,NA,NA,NA,NA,NA,NA,NA,NA,NA,NA,NA,NA,NA,NA,NA,NA,NA,NA,NA,"NA, NA","NA, NA","NA, NA, NA, NA, NA, NA, NA, NA","https://twitter.com/HealthyBuilds/status/1103688606361812992","IDA Construction","FL","Design for a healthier environment is a construction management company that understands infection control.  Healthier building is what we do.","https://t.co/kz1xe03jWK",FALSE,156,151,4,12364,1,"2016-12-22 19:00:54",FALSE,"https://t.co/kz1xe03jWK","http://www.healthybuilds.com","en","https://pbs.twimg.com/profile_banners/812010037036142593/1482434270",NA,"http://pbs.twimg.com/profile_images/812014181968990208/KFE3E-d2_normal.jpg","FLORIDA","Florida","FL"
"23",93,3357366772,1103688604436611072,"2019-03-07 16:07:23","NanoSafe1","Low Temperature and Low UV Indexes Correlated with Peaks of Influenza Virus Activity in Northern Europe during 2010–2018

https://t.co/R3aKEYNomI","nanosafe1",145,NA,NA,NA,FALSE,FALSE,0,0,NA,NA,"healthybuilds.com/low-temperatur…","https://t.co/R3aKEYNomI","https://healthybuilds.com/low-temperature-and-low-uv-indexes-correlated-with-peaks-of-influenza-virus-activity-in-northern-europe-during-2010-2018/",NA,NA,NA,NA,NA,NA,NA,NA,NA,NA,"en",NA,NA,NA,NA,NA,NA,NA,NA,NA,NA,NA,NA,NA,NA,NA,NA,NA,NA,NA,NA,NA,NA,NA,NA,NA,NA,NA,NA,NA,NA,NA,NA,NA,NA,NA,NA,"NA, NA","NA, NA","NA, NA, NA, NA, NA, NA, NA, NA","https://twitter.com/NanoSafe1/status/1103688604436611072","Nano Safe Coatings","FL","","http://t.co/m8cLu1RVFH",FALSE,200,202,6,14029,28,"2015-07-03 19:23:48",FALSE,"http://t.co/m8cLu1RVFH","http://www.nanosafe1.com","en","https://pbs.twimg.com/profile_banners/3357366772/1435952584","http://abs.twimg.com/images/themes/theme1/bg.png","http://pbs.twimg.com/profile_images/836322436803145728/8mvOhmTY_normal.jpg","FLORIDA","Florida","FL"
"24",114,956251919231737856,1103521189882937344,"2019-03-07 05:02:08","CHCPinellas","Thinking of skipping a #FluShot this year? The researcher who leads the effort to find an effective #vaccine for the influenza virus strongly urges you to reconsider. https://t.co/PQb392fwk5","Twitter Web Client",190,NA,NA,NA,FALSE,FALSE,0,0,"FluShot, vaccine",NA,"mayocl.in/2tNlCFb","https://t.co/PQb392fwk5","https://mayocl.in/2tNlCFb",NA,NA,NA,NA,NA,NA,NA,NA,NA,NA,"en",NA,NA,NA,NA,NA,NA,NA,NA,NA,NA,NA,NA,NA,NA,NA,NA,NA,NA,NA,NA,NA,NA,NA,NA,NA,NA,NA,NA,NA,NA,NA,NA,NA,NA,NA,NA,"NA, NA","NA, NA","NA, NA, NA, NA, NA, NA, NA, NA","https://twitter.com/CHCPinellas/status/1103521189882937344","Community Health Centers of Pinellas","FL","The information posted isn't medical advice. Contact us at 727.824.8181 or info@chcpinellas.org for general information or to schedule an appointment.","https://t.co/OoFVNVJAjp",FALSE,102,135,1,967,33,"2018-01-24 19:46:38",FALSE,"https://t.co/OoFVNVJAjp","https://www.chcpinellas.org/","en","https://pbs.twimg.com/profile_banners/956251919231737856/1516823883","http://abs.twimg.com/images/themes/theme1/bg.png","http://pbs.twimg.com/profile_images/956254417472409601/TxgbP5LF_normal.jpg","FLORIDA","Florida","FL"
"25",203,31164769,1103330692023418880,"2019-03-06 16:25:10","biocompare","According to a new study, the most important factor for influenza A virus diversity and prevalence in wild mammals is a diet containing birds. https://t.co/ioYVnKvAt1 https://t.co/OgbPrvPYaF","Hootsuite Inc.",166,NA,NA,NA,FALSE,FALSE,1,1,NA,NA,"ow.ly/sLRR30nWtSe","https://t.co/ioYVnKvAt1","http://ow.ly/sLRR30nWtSe","http://pbs.twimg.com/media/D0_Rar5X0AU8U3f.jpg","https://t.co/OgbPrvPYaF","https://twitter.com/biocompare/status/1103330692023418880/photo/1","photo","http://pbs.twimg.com/media/D0_Rar5X0AU8U3f.jpg","https://t.co/OgbPrvPYaF","https://twitter.com/biocompare/status/1103330692023418880/photo/1",NA,NA,NA,"en",NA,NA,NA,NA,NA,NA,NA,NA,NA,NA,NA,NA,NA,NA,NA,NA,NA,NA,NA,NA,NA,NA,NA,NA,NA,NA,NA,NA,NA,NA,NA,NA,NA,NA,NA,NA,"NA, NA","NA, NA","NA, NA, NA, NA, NA, NA, NA, NA","https://twitter.com/biocompare/status/1103330692023418880","Biocompare","CA","Stay up to date on the latest Life Science product news, reviews, pricing, videos, tips and more.","http://t.co/HJ97wO0TrK",FALSE,4548,286,138,12364,788,"2009-04-14 16:49:47",FALSE,"http://t.co/HJ97wO0TrK","http://www.biocompare.com","en","https://pbs.twimg.com/profile_banners/31164769/1551986425","http://abs.twimg.com/images/themes/theme1/bg.png","http://pbs.twimg.com/profile_images/1045016357257920512/1qA7HXn4_normal.jpg","CALIFORNIA","California","CA"
"26",227,923342250,1103266514197798912,"2019-03-06 12:10:09","JerryBeller1","Diet may be an important factor for Influenza A virus exposure in wild African mammals https://t.co/e4vMUrip1T https://t.co/tg3ubQCXpi","Tweet Suite",110,NA,NA,NA,FALSE,FALSE,0,0,NA,NA,"phys.org/news/2019-03-d…","https://t.co/e4vMUrip1T","https://phys.org/news/2019-03-diet-important-factor-influenza-virus.html","http://pbs.twimg.com/media/D0-XDAHWoAAlgnK.jpg","https://t.co/tg3ubQCXpi","https://twitter.com/JerryBeller1/status/1103266514197798914/photo/1","photo","http://pbs.twimg.com/media/D0-XDAHWoAAlgnK.jpg","https://t.co/tg3ubQCXpi","https://twitter.com/JerryBeller1/status/1103266514197798914/photo/1",NA,NA,NA,"en",NA,NA,NA,NA,NA,NA,NA,NA,NA,NA,NA,NA,NA,NA,NA,NA,NA,NA,NA,NA,NA,NA,NA,NA,NA,NA,NA,NA,NA,NA,NA,NA,NA,NA,NA,NA,"NA, NA","NA, NA","NA, NA, NA, NA, NA, NA, NA, NA","https://twitter.com/JerryBeller1/status/1103266514197798914","Beller Health Research Institute (BHRI)","GA","Jerry Beller | lead #author & researcher at Beller Health https://t.co/bLa8ze6Bba |  Independent research | #science #nature #health #books #life #art #history","https://t.co/Agy6cLNZv6",FALSE,62084,60283,707,52606,4494,"2012-11-03 14:39:41",FALSE,"https://t.co/Agy6cLNZv6","https://www.amazon.com/Beller-Health/e/B07MHG5QKK?ref=dbs_a_def_rwt_hsch_vu00_tkin_p1_i0","en","https://pbs.twimg.com/profile_banners/923342250/1550255027","http://abs.twimg.com/images/themes/theme1/bg.png","http://pbs.twimg.com/profile_images/1096468065003364352/cAEi5DyI_normal.png","GEORGIA","Georgia","GA"
"27",509,166662194,1103019871988867072,"2019-03-05 19:50:05","JennyGiarratano","#GeorgiaState researcher Dr. Baozhong Wang is fighting #influenza #TheStateWay. He's received a $3.86 million federal grant to develop a universal #flu vaccine that will protect against any strain of the virus. #GSUResearch https://t.co/d9Wnsmpeib https://t.co/WJ7x03rPDk","Hootsuite Inc.",247,NA,NA,NA,FALSE,FALSE,1,0,"GeorgiaState, influenza, TheStateWay, flu, GSUResearch",NA,"ow.ly/zW4e101vynJ","https://t.co/d9Wnsmpeib","http://ow.ly/zW4e101vynJ","http://pbs.twimg.com/media/D062ukwXcAAxvLz.jpg","https://t.co/WJ7x03rPDk","https://twitter.com/JennyGiarratano/status/1103019871988867072/photo/1","photo","http://pbs.twimg.com/media/D062ukwXcAAxvLz.jpg","https://t.co/WJ7x03rPDk","https://twitter.com/JennyGiarratano/status/1103019871988867072/photo/1",NA,NA,NA,"en",NA,NA,NA,NA,NA,NA,NA,NA,NA,NA,NA,NA,NA,NA,NA,NA,NA,NA,NA,NA,NA,NA,NA,NA,NA,NA,NA,NA,NA,NA,NA,NA,NA,NA,NA,NA,"NA, NA","NA, NA","NA, NA, NA, NA, NA, NA, NA, NA","https://twitter.com/JennyGiarratano/status/1103019871988867072","Jennifer Giarratano","GA","Sharing all things policy in #criminaljustice #criminology #economics #publicmanagement #socialwork esp. @ @aysps @GeorgiaStateU (Tweets are my own.)","https://t.co/R1v4rwUwli",FALSE,134,488,1,420,174,"2010-07-14 18:19:35",FALSE,"https://t.co/R1v4rwUwli","http://aysps.gsu.edu/profile/jennifer-giarratano/","en","https://pbs.twimg.com/profile_banners/166662194/1526574707","http://abs.twimg.com/images/themes/theme1/bg.png","http://pbs.twimg.com/profile_images/1062120777087152128/Zn26GYbM_normal.jpg","GEORGIA","Georgia","GA"
"28",514,824685699601293312,1101995743798157312,"2019-03-03 00:00:34","drglasner","Ambient climate conditions determine how long viruses persist in the environment (i.e. from sneezing or coughing). Cold, day conditions favor survival of influenza virus in the environment.","Twitter for iPhone",189,1101992370730545152,824685699601293312,"drglasner",FALSE,FALSE,1,0,NA,NA,NA,NA,NA,NA,NA,NA,NA,NA,NA,NA,NA,NA,NA,"en",NA,NA,NA,NA,NA,NA,NA,NA,NA,NA,NA,NA,NA,NA,NA,NA,NA,NA,NA,NA,NA,NA,NA,NA,NA,NA,NA,NA,NA,NA,"https://api.twitter.com/1.1/geo/id/ed0a823456907b4c.json","Stanford","Stanford, CA","city","United States","US","NA, NA","NA, NA","-122.191291, -122.149162, -122.149162, -122.191291, 37.406339, 37.406339, 37.443731, 37.443731","https://twitter.com/drglasner/status/1101995743798157312","Dustin R. Glasner","CA","Post-doc in the Chiu Lab at UCSF. PhD in Infectious Diseases & Immunity, MS in Biohazardous Threat Agents. Studies viral pathogenesis. My own views.","https://t.co/x9fTXJAqii",FALSE,531,732,10,4812,15191,"2017-01-26 18:29:27",FALSE,"https://t.co/x9fTXJAqii","https://www.dustinrglasner.com/","en","https://pbs.twimg.com/profile_banners/824685699601293312/1485461410","http://abs.twimg.com/images/themes/theme1/bg.png","http://pbs.twimg.com/profile_images/971144131471814656/n11Qaejg_normal.jpg","CALIFORNIA","California","CA"
"29",517,2548766510,1103003129941880832,"2019-03-05 18:43:33","HumanVacProject","Killer immune cells that can fight all strains of influenza virus provide the potential for a universal, one-shot flu vaccine. “... parts of the virus that had not changed in 100 years” Dr. Anthony Purcell @MonashBDI
https://t.co/maEMkH5yW8","Twitter Ads Composer",240,NA,NA,NA,FALSE,FALSE,0,0,NA,NA,"labmanager.com/news/2019/02/o…","https://t.co/maEMkH5yW8","https://www.labmanager.com/news/2019/02/our-killer-cells-role-in-life-long-flu-vaccine",NA,NA,NA,NA,NA,NA,NA,NA,"963657242095570949","MonashBDI","en",NA,NA,NA,NA,NA,NA,NA,NA,NA,NA,NA,NA,NA,NA,NA,NA,NA,NA,NA,NA,NA,NA,NA,NA,NA,NA,NA,NA,NA,NA,NA,NA,NA,NA,NA,NA,"NA, NA","NA, NA","NA, NA, NA, NA, NA, NA, NA, NA","https://twitter.com/HumanVacProject/status/1103003129941880838","HumanVaccinesProject","NY","Cracking the code for human health to make the next leap forward in fighting disease","https://t.co/Z34r14z8Fn",FALSE,751,628,14,1325,703,"2014-06-05 21:26:06",FALSE,"https://t.co/Z34r14z8Fn","http://www.humanvaccinesproject.org/","en","https://pbs.twimg.com/profile_banners/2548766510/1474212995","http://abs.twimg.com/images/themes/theme1/bg.png","http://pbs.twimg.com/profile_images/777531896787898368/qOwjLpmd_normal.jpg","NEW YORK","New York","NY"
"30",531,36454943,1102984866227019776,"2019-03-05 17:30:59","UMaine","Each year #FluSeason comes with a new vaccine to protect against a different strain of the flu virus. #UMaine researcher Sam Hess may have another solution based on how the flu virus interacts with the body. https://t.co/ZLFaV7poGg https://t.co/FvLV4oxhxo","Twitter Web Client",231,NA,NA,NA,FALSE,FALSE,8,4,"FluSeason, UMaine",NA,"bit.ly/2C8sJwC","https://t.co/ZLFaV7poGg","http://bit.ly/2C8sJwC","http://pbs.twimg.com/ext_tw_video_thumb/1102983998228312066/pu/img/PqybsBSy-MmRdqGJ.jpg","https://t.co/FvLV4oxhxo","https://twitter.com/UMaine/status/1102984866227019782/video/1","photo","http://pbs.twimg.com/ext_tw_video_thumb/1102983998228312066/pu/img/PqybsBSy-MmRdqGJ.jpg","https://t.co/FvLV4oxhxo","https://twitter.com/UMaine/status/1102984866227019782/video/1",NA,NA,NA,"en",NA,NA,NA,NA,NA,NA,NA,NA,NA,NA,NA,NA,NA,NA,NA,NA,NA,NA,NA,NA,NA,NA,NA,NA,NA,NA,NA,NA,NA,NA,NA,NA,NA,NA,NA,NA,"NA, NA","NA, NA","NA, NA, NA, NA, NA, NA, NA, NA","https://twitter.com/UMaine/status/1102984866227019782","University of Maine","ME","The official Twitter account for the University of Maine, the state's flagship institution. Go Blue!","http://t.co/v4uFlSku0q",FALSE,8744,1029,102,1804,245,"2009-04-29 19:38:49",FALSE,"http://t.co/v4uFlSku0q","http://umaine.edu","en","https://pbs.twimg.com/profile_banners/36454943/1542831793","http://abs.twimg.com/images/themes/theme1/bg.png","http://pbs.twimg.com/profile_images/752495005739122688/AIXTHz8b_normal.jpg","MAINE","Maine","ME"
"31",544,1098760354811719680,1102957265504460800,"2019-03-05 15:41:18","MdSitler","‘tis the [flu] season! I’ve been seeing lots of children hospitalized with influenza virus... not to late for YOU to get your #FluVaccine and protect yourself and those most vulnerable! https://t.co/ki0O69ad4B","Twitter for iPhone",185,NA,NA,NA,TRUE,FALSE,8,0,"FluVaccine",NA,"twitter.com/CDCFlu/status/…","https://t.co/ki0O69ad4B","https://twitter.com/CDCFlu/status/1102939870358654976",NA,NA,NA,NA,NA,NA,NA,NA,NA,NA,"en",1102939870358654976,"Q: Who is at “high risk” for flu complications?

A: Flu can be serious for anyone. However, young children, adults 65+, pregnant women &amp; people with certain chronic conditions like diabetes are more likely to get flu complications that can result in hospitalization and death. https://t.co/jaZoP3lH7t","2019-03-05 14:32:11","Twitter Web Client",28,29,16616061,"CDCFlu","CDC Flu",856749,147,5732,"Atlanta, GA","Flu-related updates from the Centers for Disease Control & Prevention. Comments received are subject to PRA & may be archived http://t.co/0pSedHPF.",TRUE,NA,NA,NA,NA,NA,NA,NA,NA,NA,NA,NA,NA,NA,NA,NA,NA,NA,NA,NA,NA,NA,"NA, NA","NA, NA","NA, NA, NA, NA, NA, NA, NA, NA","https://twitter.com/MdSitler/status/1102957265504460801","Leah Sitler, MD","CA","Resident Pediatrician at UC Davis Medical Center <U+0001F469><U+0001F3FC><U+200D><U+2695><U+FE0F> advocacy for at-risk children <U+0001F9F8> global health <U+0001F30E>",NA,FALSE,20,45,2,5,16,"2019-02-22 01:44:17",FALSE,NA,NA,"en","https://pbs.twimg.com/profile_banners/1098760354811719680/1550801112",NA,"http://pbs.twimg.com/profile_images/1098760734228373504/Dk1MZ_U7_normal.jpg","CALIFORNIA","California","CA"
"32",546,242539525,1102953572952465408,"2019-03-05 15:26:38","RosieMestel","Influenza virus mandala #SciArtTweetStorm https://t.co/ZH5vDuCn2q","Twitter for iPhone",41,NA,NA,NA,FALSE,FALSE,3,2,"SciArtTweetStorm",NA,NA,NA,NA,"http://pbs.twimg.com/media/D056bE-UYAA_YmG.jpg","https://t.co/ZH5vDuCn2q","https://twitter.com/RosieMestel/status/1102953572952465408/photo/1","photo","http://pbs.twimg.com/media/D056bE-UYAA_YmG.jpg","https://t.co/ZH5vDuCn2q","https://twitter.com/RosieMestel/status/1102953572952465408/photo/1",NA,NA,NA,"es",NA,NA,NA,NA,NA,NA,NA,NA,NA,NA,NA,NA,NA,NA,NA,NA,NA,NA,NA,NA,NA,NA,NA,NA,NA,NA,NA,NA,NA,NA,NA,NA,NA,NA,NA,NA,"NA, NA","NA, NA","NA, NA, NA, NA, NA, NA, NA, NA","https://twitter.com/RosieMestel/status/1102953572952465408","Rosie Mestel","CA","Science journalist - after 3.5 years in UK, back in LA, editing/writing for Annual Reviews’ @knowablemag. Urban walker, proud sidekick of Nightshade the dog.",NA,FALSE,1909,1074,94,2196,2490,"2011-01-25 00:58:12",TRUE,NA,NA,"en","https://pbs.twimg.com/profile_banners/242539525/1407413094","http://abs.twimg.com/images/themes/theme1/bg.png","http://pbs.twimg.com/profile_images/1057375885999824896/7yNg2SWW_normal.jpg","CALIFORNIA","California","CA"
"33",554,704282873231237120,1102931292260364288,"2019-03-05 13:58:06","florian_krammer","A review on the antibody response to influenza virus in humans. I hope it is useful.  https://t.co/bgtQy19Y1R","Twitter Web Client",109,NA,NA,NA,FALSE,FALSE,169,87,NA,NA,"nature.com/articles/s4157…","https://t.co/bgtQy19Y1R","https://www.nature.com/articles/s41577-019-0143-6",NA,NA,NA,NA,NA,NA,NA,NA,NA,NA,"en",NA,NA,NA,NA,NA,NA,NA,NA,NA,NA,NA,NA,NA,NA,NA,NA,NA,NA,NA,NA,NA,NA,NA,NA,NA,NA,NA,NA,NA,NA,NA,NA,NA,NA,NA,NA,"NA, NA","NA, NA","NA, NA, NA, NA, NA, NA, NA, NA","https://twitter.com/florian_krammer/status/1102931292260364291","Florian Krammer","NY","viruses, viruses, viruses and vaccines","https://t.co/7JZN3jVK8s",FALSE,720,328,8,521,711,"2016-02-29 12:31:36",FALSE,"https://t.co/7JZN3jVK8s","http://labs.icahn.mssm.edu/krammerlab/","en","https://pbs.twimg.com/profile_banners/704282873231237121/1533992027",NA,"http://pbs.twimg.com/profile_images/954825681015369728/iGDAdDls_normal.jpg","NEW YORK","New York","NY"
"34",564,3053468400,1102737734391627776,"2019-03-05 01:08:58","redswimmer99","@socialistmic @The_Acumen  It's not just about you. You have a responsibility to be vaccinated if you want to participate in society, to protect those who are immunocompromised and can't be vaccinated.  Who could DIE if they come into contact with an influenza virus.","Twitter Web Client",253,1102734515322052608,133976473,"socialistmic",FALSE,FALSE,2,0,NA,NA,NA,NA,NA,NA,NA,NA,NA,NA,NA,NA,NA,"133976473, 248023936","socialistmic, The_Acumen","en",NA,NA,NA,NA,NA,NA,NA,NA,NA,NA,NA,NA,NA,NA,NA,NA,NA,NA,NA,NA,NA,NA,NA,NA,NA,NA,NA,NA,NA,NA,NA,NA,NA,NA,NA,NA,"NA, NA","NA, NA","NA, NA, NA, NA, NA, NA, NA, NA","https://twitter.com/redswimmer99/status/1102737734391627777","HandsOffVenezuela","CA","Cold water tankie",NA,FALSE,64,180,1,615,5700,"2015-03-01 20:00:28",FALSE,NA,NA,"en","https://pbs.twimg.com/profile_banners/3053468400/1551034840","http://abs.twimg.com/images/themes/theme1/bg.png","http://pbs.twimg.com/profile_images/894275970428944384/ZstfIy6A_normal.jpg","CALIFORNIA","California","CA"
"35",566,334715083,1102704611121614848,"2019-03-04 22:57:21","DebbieBrown3248","So it's official. I have the influenza virus A. Now to treat symptoms and if we are lucky, I should be in the clear in about a week. However they are worried if it gets worse, it can lead to pneumonia but no... https://t.co/Yevzu51JfB","Facebook",234,NA,NA,NA,FALSE,FALSE,0,0,NA,NA,"facebook.com/1072153068/pos…","https://t.co/Yevzu51JfB","https://www.facebook.com/1072153068/posts/10216070095359805/",NA,NA,NA,NA,NA,NA,NA,NA,NA,NA,"en",NA,NA,NA,NA,NA,NA,NA,NA,NA,NA,NA,NA,NA,NA,NA,NA,NA,NA,NA,NA,NA,NA,NA,NA,NA,NA,NA,NA,NA,NA,NA,NA,NA,NA,NA,NA,"NA, NA","NA, NA","NA, NA, NA, NA, NA, NA, NA, NA","https://twitter.com/DebbieBrown3248/status/1102704611121614849","Debbie Brown","MD","a mother, licensed wench, and accountant",NA,FALSE,42,200,2,991,569,"2011-07-13 15:13:21",FALSE,NA,NA,"en","https://pbs.twimg.com/profile_banners/334715083/1490132055","http://abs.twimg.com/images/themes/theme10/bg.gif","http://pbs.twimg.com/profile_images/844301145917067264/m7mYj44Q_normal.jpg","MARYLAND","Maryland","MD"
"36",570,873535798066499584,1102685755187650560,"2019-03-04 21:42:25","TakeThatCDC","@PackMama92 @mimetic_ @Plasticdoe @brian_abramson @pistrix @chrissy_goss @Boxmenot @TsuDhoNimh @Melissa62263619 @EmmaGPaley @AlexMurdoch7 @LaughlandMorgan @Just4TheCause @t3tragrammat0n @Henjam48 @rugbyrhino16 @elle_franks @GrumFromNorwich @lawnatural @thereal_truther @doritmi @seaglass34 @StopVaxxedLies @BlueLionBlog @TioChango_ @ChrisJohnsonMD @itsmepanda1 @toppediatrician @Joshua1_5 @GeoffSchuler @RebeccaLardner @DansMonkeyShack @DocMElliott @VeritasEver @PileOfGoop @mmelgar09 @ghoppe @alc_anthro @weaponizedword1 @viva__lala @WendyOrent @mcfunny @TPRMaynard7 @asiamoonbloom @mrlepus @urbanx_f @kidoctr @cantab_biker @JHowardBrainMD @dkegel Here are some fun facts for all you amateur virologists:
(1) Adenovirus does NOT cause influenza
(2) Parainfluenza virus does NOT cause influenza
(3) Haemophilus influenzae does NOT cause influenza
(4) Influenza virus DOES cause influenza","Twitter Web Client",238,1102682587372363776,1019518299330306048,"PackMama92",FALSE,FALSE,4,0,NA,NA,NA,NA,NA,NA,NA,NA,NA,NA,NA,NA,NA,"1019518299330306048, 1033204996643336193, 138843333, 4822967645, 14535466, 4822795895, 732793848154427392, 34907745, 720820397562671104, 532393910, 991145522, 1086052105604005888, 2795342280, 766855264867725312, 41569458, 758753774324191233, 2955494208, 514748780, 2842213440, 4322065997, 54886540, 1016521837818281984, 760276209158586368, 2920240065, 583656702, 154361768, 232934834, 2527973556, 38741486, 2899929414, 588660387, 986288794138828801, 283276274, 1468323792, 886932319025586176, 39576629, 14133375, 22993266, 988990495081795584, 394402926, 1581466506, 26307708, 727229094073655296, 2945423750, 182825363, 1547151510, 30974896, 2329451219, 995369593744035840, 17043460","PackMama92, mimetic_, Plasticdoe, brian_abramson, pistrix, chrissy_goss, Boxmenot, TsuDhoNimh, Melissa62263619, EmmaGPaley, AlexMurdoch7, LaughlandMorgan, Just4TheCause, t3tragrammat0n, Henjam48, rugbyrhino16, elle_franks, GrumFromNorwich, lawnatural, thereal_truther, doritmi, seaglass34, StopVaxxedLies, BlueLionBlog, TioChango_, ChrisJohnsonMD, itsmepanda1, toppediatrician, Joshua1_5, GeoffSchuler, RebeccaLardner, DansMonkeyShack, DocMElliott, VeritasEver, PileOfGoop, mmelgar09, ghoppe, alc_anthro, weaponizedword1, viva__lala, WendyOrent, mcfunny, TPRMaynard7, asiamoonbloom, mrlepus, urbanx_f, kidoctr, cantab_biker, JHowardBrainMD, dkegel","en",NA,NA,NA,NA,NA,NA,NA,NA,NA,NA,NA,NA,NA,NA,NA,NA,NA,NA,NA,NA,NA,NA,NA,NA,NA,NA,NA,NA,NA,NA,NA,NA,NA,NA,NA,NA,"NA, NA","NA, NA","NA, NA, NA, NA, NA, NA, NA, NA","https://twitter.com/TakeThatCDC/status/1102685755187650561","Take THAT, CDC!!","GA","I got my MD PhD DrPH by watching #TheResident, so all you CDC / NIH / pHARMa / Harvard shills can SUCK IT.

Don't hate me because I'm smarter than you. 

#ttcot",NA,FALSE,479,283,12,5034,3940,"2017-06-10 13:42:18",FALSE,NA,NA,"en","https://pbs.twimg.com/profile_banners/873535798066499586/1497895422","http://abs.twimg.com/images/themes/theme1/bg.png","http://pbs.twimg.com/profile_images/889295890132983808/fSbTF64h_normal.jpg","GEORGIA","Georgia","GA"
"37",591,145740052,1102613206294560768,"2019-03-04 16:54:08","ByLaTinaEmerson","#GeorgiaState researcher Dr. Baozhong Wang is fighting #influenza #TheStateWay. He's received a $3.86 million federal grant to develop a universal #flu vaccine that will protect against any strain of the virus. #GSUResearch https://t.co/641NSc9zvZ https://t.co/NqWTqqmKbX","Hootsuite Inc.",247,NA,NA,NA,FALSE,FALSE,1,1,"GeorgiaState, influenza, TheStateWay, flu, GSUResearch",NA,"ow.ly/PMLy101vuqR","https://t.co/641NSc9zvZ","http://ow.ly/PMLy101vuqR","http://pbs.twimg.com/media/D01E3aPWwAIXhCn.jpg","https://t.co/NqWTqqmKbX","https://twitter.com/ByLaTinaEmerson/status/1102613206294560768/photo/1","photo","http://pbs.twimg.com/media/D01E3aPWwAIXhCn.jpg","https://t.co/NqWTqqmKbX","https://twitter.com/ByLaTinaEmerson/status/1102613206294560768/photo/1",NA,NA,NA,"en",NA,NA,NA,NA,NA,NA,NA,NA,NA,NA,NA,NA,NA,NA,NA,NA,NA,NA,NA,NA,NA,NA,NA,NA,NA,NA,NA,NA,NA,NA,NA,NA,NA,NA,NA,NA,"NA, NA","NA, NA","NA, NA, NA, NA, NA, NA, NA, NA","https://twitter.com/ByLaTinaEmerson/status/1102613206294560768","LaTina Emerson","GA","Public Relations Coordinator, Science Writer at Georgia State University; Columnist at The Coweta Shopper",NA,FALSE,310,373,0,933,52,"2010-05-19 19:13:51",FALSE,NA,NA,"en",NA,"http://abs.twimg.com/images/themes/theme1/bg.png","http://pbs.twimg.com/profile_images/936289302/LaTina_normal.jpg","GEORGIA","Georgia","GA"
"38",609,982605650399252480,1102416700153176064,"2019-03-04 03:53:17","TomAnswers10","Unlike type A (h3n2) flu viruses, type B flu is found only in humans. Type B flu may cause a less severe reaction than type A flu virus, but occasionally, type B flu can still be extremely harmful. Influenza type B viruses are not classified by subtype and do not cause pandemics.","Twitter for Android",280,NA,NA,NA,FALSE,FALSE,1,0,NA,NA,NA,NA,NA,NA,NA,NA,NA,NA,NA,NA,NA,NA,NA,"en",NA,NA,NA,NA,NA,NA,NA,NA,NA,NA,NA,NA,NA,NA,NA,NA,NA,NA,NA,NA,NA,NA,NA,NA,NA,NA,NA,NA,NA,NA,NA,NA,NA,NA,NA,NA,"NA, NA","NA, NA","NA, NA, NA, NA, NA, NA, NA, NA","https://twitter.com/TomAnswers10/status/1102416700153176066","Real Talk Atlanta ( The News Repeater )<U+0001F30E>","GA","<U+0001F30D> Motivational Speaker | On The Autism Spectrum / Repeating The News | Health Recovery | All About ATL (Send Us Your Questions To : imotivatepeople@gmail.com )","https://t.co/mvz9sfHPy1",FALSE,571,4844,0,7302,5706,"2018-04-07 13:06:57",FALSE,"https://t.co/mvz9sfHPy1","https://youtu.be/-QNBLCsaJV8","en","https://pbs.twimg.com/profile_banners/982605650399252480/1523107027","http://abs.twimg.com/images/themes/theme1/bg.png","http://pbs.twimg.com/profile_images/982610653293752320/QlNWD_Qa_normal.jpg","GEORGIA","Georgia","GA"
"39",610,982605650399252480,1102375014790242304,"2019-03-04 01:07:39","TomAnswers10","Influenza A virus subtype H3N2 is a subtype of viruses that causes influenza. H3N2 viruses can infect birds and mammals. In birds, humans, and pigs, the virus has mutated into many strains. H3N2 is increasingly abundant in seasonal influenza","Twitter for Android",241,NA,NA,NA,FALSE,FALSE,1,0,NA,NA,NA,NA,NA,NA,NA,NA,NA,NA,NA,NA,NA,NA,NA,"en",NA,NA,NA,NA,NA,NA,NA,NA,NA,NA,NA,NA,NA,NA,NA,NA,NA,NA,NA,NA,NA,NA,NA,NA,NA,NA,NA,NA,NA,NA,NA,NA,NA,NA,NA,NA,"NA, NA","NA, NA","NA, NA, NA, NA, NA, NA, NA, NA","https://twitter.com/TomAnswers10/status/1102375014790242304","Real Talk Atlanta ( The News Repeater )<U+0001F30E>","GA","<U+0001F30D> Motivational Speaker | On The Autism Spectrum / Repeating The News | Health Recovery | All About ATL (Send Us Your Questions To : imotivatepeople@gmail.com )","https://t.co/mvz9sfHPy1",FALSE,571,4844,0,7302,5706,"2018-04-07 13:06:57",FALSE,"https://t.co/mvz9sfHPy1","https://youtu.be/-QNBLCsaJV8","en","https://pbs.twimg.com/profile_banners/982605650399252480/1523107027","http://abs.twimg.com/images/themes/theme1/bg.png","http://pbs.twimg.com/profile_images/982610653293752320/QlNWD_Qa_normal.jpg","GEORGIA","Georgia","GA"
"40",615,1084285979425419264,1102313204464709632,"2019-03-03 21:02:02","TheTacticalDave","Just one of the Many Infectious diseases that are leaching out of Texas Immigrant Detention Centers, the deadly Influenza virus has been spreading in the same way. illegals with infectious illness should not be released into the general Public https://t.co/NNdVpHlTGi #Maga","Twitter Web Client",273,NA,NA,NA,FALSE,FALSE,1,0,"Maga",NA,"texmed.org/TexasMedicineD…","https://t.co/NNdVpHlTGi","https://www.texmed.org/TexasMedicineDetail.aspx?id=49693",NA,NA,NA,NA,NA,NA,NA,NA,NA,NA,"en",NA,NA,NA,NA,NA,NA,NA,NA,NA,NA,NA,NA,NA,NA,NA,NA,NA,NA,NA,NA,NA,NA,NA,NA,NA,NA,NA,NA,NA,NA,NA,NA,NA,NA,NA,NA,"NA, NA","NA, NA","NA, NA, NA, NA, NA, NA, NA, NA","https://twitter.com/TheTacticalDave/status/1102313204464709632","Dave Stevenson","TX","<U+0001F1FA><U+0001F1F8>PRO LIFE <U+0001F1FA><U+0001F1F8> MAGA, <U+0001F1FA><U+0001F1F8>TRUMP, <U+0001F1FA><U+0001F1F8>Build the Wall <U+0001F1FA><U+0001F1F8>Support the 2A IFB all Patriots and MAGA folks
I am the NRA - I Love the USA
There's a Rat in every DemocRAT",NA,FALSE,856,756,0,440,703,"2019-01-13 03:08:17",FALSE,NA,NA,"en","https://pbs.twimg.com/profile_banners/1084285979425419270/1547355385","http://abs.twimg.com/images/themes/theme1/bg.png","http://pbs.twimg.com/profile_images/1095788944283693056/po8NVkhl_normal.png","TEXAS","Texas","TX"
"41",617,35726646,1102306613547941888,"2019-03-03 20:35:51","drjewilliams","Influenza virus has a simple strategy: infect as many as possible. It keeps us off balance. It’s predictably unpredictable. This year’s pattern might be: start mild, end strong. https://t.co/gY6JzuPF4S","Twitter for iPhone",201,NA,NA,NA,FALSE,FALSE,0,0,NA,NA,"upi.com/amp/CDC-Danger…","https://t.co/gY6JzuPF4S","https://www.upi.com/amp/CDC-Dangerous-flu-strain-overtakes-H1N1-this-season/2831551469124/",NA,NA,NA,NA,NA,NA,NA,NA,NA,NA,"en",NA,NA,NA,NA,NA,NA,NA,NA,NA,NA,NA,NA,NA,NA,NA,NA,NA,NA,NA,NA,NA,NA,NA,NA,NA,NA,NA,NA,NA,NA,NA,NA,NA,NA,NA,NA,"NA, NA","NA, NA","NA, NA, NA, NA, NA, NA, NA, NA","https://twitter.com/drjewilliams/status/1102306613547941889","J. E. Williams, OMD","FL","Dr. Williams is an integrative medicine clinician and author of several health books, programs, and adventure memoirs about Peruvian shamanism.","http://t.co/xuhiyHnaF8",FALSE,735,377,28,4026,6,"2009-04-27 12:14:00",FALSE,"http://t.co/xuhiyHnaF8","http://drjewilliams.com/","en","https://pbs.twimg.com/profile_banners/35726646/1531600857","http://abs.twimg.com/images/themes/theme13/bg.gif","http://pbs.twimg.com/profile_images/1017025706050629633/NHRWaZBp_normal.jpg","FLORIDA","Florida","FL"
"42",644,790652192,1101853828356427776,"2019-03-02 14:36:38","RiesHunter","@MackayIM on GOFROC virus research and pushing toward stronger biological rationales with potentially pandemic pathogen research. 

“With it come fears of dark risks; we will either die from influenza without this research or die because of it.”

https://t.co/zOJh4geSY9","Twitter for iPhone",270,NA,1352962327,"MackayIM",FALSE,FALSE,5,3,NA,NA,"virologydownunder.com/scared-of-the-…","https://t.co/zOJh4geSY9","http://virologydownunder.com/scared-of-the-dark-risks/",NA,NA,NA,NA,NA,NA,NA,NA,"1352962327","MackayIM","en",NA,NA,NA,NA,NA,NA,NA,NA,NA,NA,NA,NA,NA,NA,NA,NA,NA,NA,NA,NA,NA,NA,NA,NA,NA,NA,NA,NA,NA,NA,NA,NA,NA,NA,NA,NA,"NA, NA","NA, NA","NA, NA, NA, NA, NA, NA, NA, NA","https://twitter.com/RiesHunter/status/1101853828356427776","Hunter Ries","WI","Student @UWMadison | pugs, microbes, and coffee in no particular order",NA,FALSE,425,775,1,1468,9105,"2012-08-30 02:36:36",FALSE,NA,NA,"en","https://pbs.twimg.com/profile_banners/790652192/1523337947","http://abs.twimg.com/images/themes/theme14/bg.gif","http://pbs.twimg.com/profile_images/1092613092884824064/CJlhEt6x_normal.jpg","WISCONSIN","Wisconsin","WI"
"43",645,796857136915607552,1101832917674852352,"2019-03-02 13:13:33","Suscuss1","Or these viral diseases:
Chickenpox
Flu (influenza)
Herpes
Human immunodeficiency virus (HIV/AIDS)
Human papillomavirus (HPV)
Infectious mononucleosis
Mumps, measles and rubella
Shingles
Viral gastroenteritis (stomach flu)
Viral hepatitis
Viral meningitis
Viral pneumonia https://t.co/AAUouxkDUm","Twitter Web Client",271,NA,NA,NA,TRUE,FALSE,0,0,NA,NA,"twitter.com/DerekCressman/…","https://t.co/AAUouxkDUm","https://twitter.com/DerekCressman/status/1101674342071455744",NA,NA,NA,NA,NA,NA,NA,NA,NA,NA,"en",1101674342071455744,"Pro tip— antibiotics don’t work on measles","2019-03-02 02:43:25","Twitter for iPhone",4785,1241,32671625,"DerekCressman","Derek Cressman",193332,155881,15836,"Sacramento, CA","Hell bent on overturning Citizens United and resisting authoritarianism. $$<U+2260>free speech. Sacramento based author and editor at The People's Rule",FALSE,NA,NA,NA,NA,NA,NA,NA,NA,NA,NA,NA,NA,NA,NA,NA,NA,NA,NA,NA,NA,NA,"NA, NA","NA, NA","NA, NA, NA, NA, NA, NA, NA, NA","https://twitter.com/Suscuss1/status/1101832917674852352","Suscuss","IL","Listening and Learning - Recent subjects observed: money laundering, sex trafficking & corruption.",NA,FALSE,94,441,0,5201,1620,"2016-11-10 23:28:41",FALSE,NA,NA,"en","https://pbs.twimg.com/profile_banners/796857136915607553/1549573983","http://abs.twimg.com/images/themes/theme1/bg.png","http://pbs.twimg.com/profile_images/1093621607837380608/LMW6mG2q_normal.jpg","ILLINOIS","Illinois","IL"
"44",662,78372558,1101644066066964480,"2019-03-02 00:43:07","westloopvet","DOG FLU INFORMATION

March is typically the month we begin to see cases of Canine Influenza Virus (Dog Flu) in our area. West Loop Veterinary Care was at ground zero during the initial outbreak of the disease which sickened thousands of dogs, with... https://t.co/Dn3nge4W45","Facebook",274,NA,NA,NA,FALSE,FALSE,0,0,NA,NA,"youtu.be/97FfbCPa98o","https://t.co/Dn3nge4W45","https://youtu.be/97FfbCPa98o",NA,NA,NA,NA,NA,NA,NA,NA,NA,NA,"en",NA,NA,NA,NA,NA,NA,NA,NA,NA,NA,NA,NA,NA,NA,NA,NA,NA,NA,NA,NA,NA,NA,NA,NA,NA,NA,NA,NA,NA,NA,NA,NA,NA,NA,NA,NA,"NA, NA","NA, NA","NA, NA, NA, NA, NA, NA, NA, NA","https://twitter.com/westloopvet/status/1101644066066964480","West Loop Vet","IL","815 W. Randolph (312)421-2275","https://t.co/FyuFOS3sFn",FALSE,333,30,21,901,8,"2009-09-29 17:52:09",FALSE,"https://t.co/FyuFOS3sFn","http://www.westloopvet.com","en","https://pbs.twimg.com/profile_banners/78372558/1524425268","http://abs.twimg.com/images/themes/theme1/bg.png","http://pbs.twimg.com/profile_images/988137304131866624/_PkR9ud6_normal.jpg","ILLINOIS","Illinois","IL"
"45",663,532679677,1101632682914734080,"2019-03-01 23:57:53","Aim911","PSA-Tamiflu and the flu shot have not done a damn thing for the influenza virus that I have been blessed with. Going on day 7 and I still feel like I’ve been hit by a truck. $180 doctor visit and $100 for the medicine, yet I still can’t function and I look like a corpse https://t.co/xsdbF59oV1","Twitter for iPhone",270,NA,NA,NA,FALSE,FALSE,2,0,NA,NA,NA,NA,NA,"http://pbs.twimg.com/tweet_video_thumb/D0nJFPCW0AAW9YV.jpg","https://t.co/xsdbF59oV1","https://twitter.com/Aim911/status/1101632682914734080/photo/1","photo","http://pbs.twimg.com/tweet_video_thumb/D0nJFPCW0AAW9YV.jpg","https://t.co/xsdbF59oV1","https://twitter.com/Aim911/status/1101632682914734080/photo/1",NA,NA,NA,"en",NA,NA,NA,NA,NA,NA,NA,NA,NA,NA,NA,NA,NA,NA,NA,NA,NA,NA,NA,NA,NA,NA,NA,NA,NA,NA,NA,NA,NA,NA,NA,NA,NA,NA,NA,NA,"NA, NA","NA, NA","NA, NA, NA, NA, NA, NA, NA, NA","https://twitter.com/Aim911/status/1101632682914734080","amy knopf","IN","",NA,FALSE,79,336,0,1514,797,"2012-03-22 00:26:02",FALSE,NA,NA,"en","https://pbs.twimg.com/profile_banners/532679677/1535329371","http://abs.twimg.com/images/themes/theme1/bg.png","http://pbs.twimg.com/profile_images/1033872927870144513/DQXXsyyL_normal.jpg","INDIANA","Indiana","IN"
"46",666,411395957,1101602958737854464,"2019-03-01 21:59:46","Lo_Zanzi","Conventional #DendriticCells differentiate from pre-DC into a single subtype once in #tissues, ie #lung. Upon #flu #virus #infection a rapid pre-DC influx from the BM dilutes tissue-resident DCs. Caetano Reis e Sousa @TheCrick #influenza @SciImmunology https://t.co/Ma0cHtnEaK","Twitter for iPhone",276,NA,NA,NA,FALSE,FALSE,15,5,"DendriticCells, tissues, lung, flu, virus, infection, influenza",NA,"doi.org/10.1126/sciimm…","https://t.co/Ma0cHtnEaK","http://doi.org/10.1126/sciimmunol.aaw1941",NA,NA,NA,NA,NA,NA,NA,NA,"74724779, 4002598402","TheCrick, SciImmunology","en",NA,NA,NA,NA,NA,NA,NA,NA,NA,NA,NA,NA,NA,NA,NA,NA,NA,NA,NA,NA,NA,NA,NA,NA,NA,NA,NA,NA,NA,NA,NA,NA,NA,NA,NA,NA,"NA, NA","NA, NA","NA, NA, NA, NA, NA, NA, NA, NA","https://twitter.com/Lo_Zanzi/status/1101602958737854469","Ivan Zanoni","MA","Ivan Zanoni is Assistant Professor at Harvard Medical School, in love with a red-haired beautiful woman, his kids... and science.",NA,FALSE,308,99,2,763,1230,"2011-11-13 10:51:58",FALSE,NA,NA,"en",NA,"http://abs.twimg.com/images/themes/theme1/bg.png","http://pbs.twimg.com/profile_images/994337910802583553/aCyWKHO0_normal.jpg","MASSACHUSETTS","Massachusetts","MA"
"47",667,880061437439344640,1101599259386957824,"2019-03-01 21:45:04","_AndrewSchmidt","#GeorgiaState researcher Dr. Baozhong Wang is fighting #influenza #TheStateWay. He's received a $3.86 million federal grant to develop a universal #flu vaccine that will protect against any strain of the virus. #GSUResearch https://t.co/5nK6BSs9bJ https://t.co/IQABdRsFBF","Hootsuite Inc.",247,NA,NA,NA,FALSE,FALSE,2,1,"GeorgiaState, influenza, TheStateWay, flu, GSUResearch",NA,"ow.ly/xhO6101vkPI","https://t.co/5nK6BSs9bJ","http://ow.ly/xhO6101vkPI","http://pbs.twimg.com/media/D0mqsDEWwAE5bJu.jpg","https://t.co/IQABdRsFBF","https://twitter.com/_AndrewSchmidt/status/1101599259386957824/photo/1","photo","http://pbs.twimg.com/media/D0mqsDEWwAE5bJu.jpg","https://t.co/IQABdRsFBF","https://twitter.com/_AndrewSchmidt/status/1101599259386957824/photo/1",NA,NA,NA,"en",NA,NA,NA,NA,NA,NA,NA,NA,NA,NA,NA,NA,NA,NA,NA,NA,NA,NA,NA,NA,NA,NA,NA,NA,NA,NA,NA,NA,NA,NA,NA,NA,NA,NA,NA,NA,"NA, NA","NA, NA","NA, NA, NA, NA, NA, NA, NA, NA","https://twitter.com/_AndrewSchmidt/status/1101599259386957824","Andrew Schmidt","GA","Director of Communications for Development and Alumni Affairs at Georgia State University","https://t.co/a1QG5EZvkg",FALSE,86,185,1,826,697,"2017-06-28 13:52:52",FALSE,"https://t.co/a1QG5EZvkg","http://giving.gsu.edu","en","https://pbs.twimg.com/profile_banners/880061437439344642/1498658734",NA,"http://pbs.twimg.com/profile_images/880064056157241344/C3tS--Zi_normal.jpg","GEORGIA","Georgia","GA"
"48",670,240801472,1101503222013980672,"2019-03-01 15:23:27","qeastman","Intriguing article on #influenza virus/other pathogens + neurodegeneration from @AshleyJYeager (touches on encephalitis lethargica debate but curiously doesn't mention #narcolepsy) cc @MaluTansey https://t.co/EAOHTVgetY","Twitter Web Client",219,NA,NA,NA,FALSE,FALSE,1,0,"influenza, narcolepsy",NA,"the-scientist.com/features/can-t…","https://t.co/EAOHTVgetY","https://www.the-scientist.com/features/can-the-flu-and-other-viruses-cause-neurodegeneration--65498",NA,NA,NA,NA,NA,NA,NA,NA,"212278229, 1026992398885367809","AshleyJYeager, MaluTansey","en",NA,NA,NA,NA,NA,NA,NA,NA,NA,NA,NA,NA,NA,NA,NA,NA,NA,NA,NA,NA,NA,NA,NA,NA,NA,NA,NA,NA,NA,NA,NA,NA,NA,NA,NA,NA,"NA, NA","NA, NA","NA, NA, NA, NA, NA, NA, NA, NA","https://twitter.com/qeastman/status/1101503222013980672","Quinn Eastman","GA","Emory biomedical science writer. Contracted for book on idiopathic hypersomnia and related sleep disorders, w/ Columbia Univ Press.","https://t.co/MrjRUghRZD",FALSE,596,871,40,5366,720,"2011-01-20 19:40:16",FALSE,"https://t.co/MrjRUghRZD","http://www.quinneastman.com","en",NA,"http://abs.twimg.com/images/themes/theme1/bg.png","http://pbs.twimg.com/profile_images/2289866076/qzou61dtkil4u5kg2vwl_normal.jpeg","GEORGIA","Georgia","GA"
"49",676,922105764403208192,1101483728986165248,"2019-03-01 14:06:00","MedPedsAllergy","#FluFactFriday: As a possible second wave of #influenza is reported, remember the consequences of the #flu are more than just a few days of feeling sick. The flu vaccine can minimize these complications. #fightflu

Flu Virus Can Trigger A Heart Attack

https://t.co/uQk9UqLlfx","Buffer",276,NA,NA,NA,FALSE,FALSE,0,0,"FluFactFriday, influenza, flu, fightflu",NA,"buff.ly/2y6iFCc","https://t.co/uQk9UqLlfx","https://buff.ly/2y6iFCc",NA,NA,NA,NA,NA,NA,NA,NA,NA,NA,"en",NA,NA,NA,NA,NA,NA,NA,NA,NA,NA,NA,NA,NA,NA,NA,NA,NA,NA,NA,NA,NA,NA,NA,NA,NA,NA,NA,NA,NA,NA,NA,NA,NA,NA,NA,NA,"NA, NA","NA, NA","NA, NA, NA, NA, NA, NA, NA, NA","https://twitter.com/MedPedsAllergy/status/1101483728986165248","Cathryn Luria MD","MI","Allergy/Immunology doctor. Med-Peds enthusiast. Proud #womeninmedicine and #girlmedtwitter supporter. Michigander for life.","https://t.co/fJWXDENPJl",FALSE,113,185,2,662,1174,"2017-10-22 14:22:01",FALSE,"https://t.co/fJWXDENPJl","http://www.allergyasthmapc.com/","en","https://pbs.twimg.com/profile_banners/922105764403208192/1551204917",NA,"http://pbs.twimg.com/profile_images/942760937773289472/5J9ha3BB_normal.jpg","MICHIGAN","Michigan","MI"
"50",686,617346600,1101273101688496128,"2019-03-01 00:09:02","isabellaabelsua","Currently dying of the influenza virus but I refuse to go to the doctor because they’re just gonna prescribe me rest and a lollipop and charge me $167 after insurance","Twitter for iPhone",166,NA,NA,NA,FALSE,FALSE,14,0,NA,NA,NA,NA,NA,NA,NA,NA,NA,NA,NA,NA,NA,NA,NA,"en",NA,NA,NA,NA,NA,NA,NA,NA,NA,NA,NA,NA,NA,NA,NA,NA,NA,NA,NA,NA,NA,NA,NA,NA,NA,NA,NA,NA,NA,NA,"https://api.twitter.com/1.1/geo/id/013884df639610f8.json","Cedar City","Cedar City, UT","city","United States","US","NA, NA","NA, NA","-113.1524913, -113.0321843, -113.0321843, -113.1524913, 37.647433, 37.647433, 37.736012, 37.736012","https://twitter.com/isabellaabelsua/status/1101273101688496128","Isabella Abel <U+0001F1E9><U+0001F1F4>","UT","my name’s Bella and lots of things made me mad",NA,FALSE,415,860,0,3244,11925,"2012-06-24 16:34:07",FALSE,NA,NA,"en","https://pbs.twimg.com/profile_banners/617346600/1551145359","http://abs.twimg.com/images/themes/theme1/bg.png","http://pbs.twimg.com/profile_images/937395144151547904/czQq9Vmc_normal.jpg","UTAH","Utah","UT"
"51",692,738483854420279296,1101186617522319360,"2019-02-28 18:25:23","keidekay","@JenMax57 This is really the heart stopping piece of what I have come across. Studies on Influenza Virus Transmission

https://t.co/c23XVfpuAX","Twitter Web Client",132,1101184847433760768,738483854420279296,"keidekay",FALSE,FALSE,1,0,NA,NA,"mbio.asm.org/content/6/1/e0…","https://t.co/c23XVfpuAX","https://mbio.asm.org/content/6/1/e02560-14",NA,NA,NA,NA,NA,NA,NA,NA,"716435339250896896","JenMax57","en",NA,NA,NA,NA,NA,NA,NA,NA,NA,NA,NA,NA,NA,NA,NA,NA,NA,NA,NA,NA,NA,NA,NA,NA,NA,NA,NA,NA,NA,NA,NA,NA,NA,NA,NA,NA,"NA, NA","NA, NA","NA, NA, NA, NA, NA, NA, NA, NA","https://twitter.com/keidekay/status/1101186617522319360","EndTheDuopoly #OpDeSanitize","OK","3 legs support the duopoly. @GOP, @TheDemocrats & voters. If any of those legs is removed, the system topples. 
Legally blind, so forgive typos, please.",NA,FALSE,2136,1101,66,88092,102886,"2016-06-02 21:34:06",FALSE,NA,NA,"en","https://pbs.twimg.com/profile_banners/738483854420279297/1464908900","http://abs.twimg.com/images/themes/theme1/bg.png","http://pbs.twimg.com/profile_images/1026282833105444864/sFmC_gVW_normal.jpg","OKLAHOMA","Oklahoma","OK"
"52",696,1022845657688809472,1101130705348771840,"2019-02-28 14:43:12","drctruss","#GeorgiaState researcher Dr. Baozhong Wang is fighting #influenza #TheStateWay. He's received a $3.86 million federal grant to develop a universal #flu vaccine that will protect against any strain of the virus. #GSUResearch https://t.co/IFu8WFw0CK https://t.co/3zdbbzcmeW","Hootsuite Inc.",247,NA,NA,NA,FALSE,FALSE,0,0,"GeorgiaState, influenza, TheStateWay, flu, GSUResearch",NA,"ow.ly/pbNP101vetO","https://t.co/IFu8WFw0CK","http://ow.ly/pbNP101vetO","http://pbs.twimg.com/media/D0gAioAXcAAf5Ab.jpg","https://t.co/3zdbbzcmeW","https://twitter.com/drctruss/status/1101130705348771841/photo/1","photo","http://pbs.twimg.com/media/D0gAioAXcAAf5Ab.jpg","https://t.co/3zdbbzcmeW","https://twitter.com/drctruss/status/1101130705348771841/photo/1",NA,NA,NA,"en",NA,NA,NA,NA,NA,NA,NA,NA,NA,NA,NA,NA,NA,NA,NA,NA,NA,NA,NA,NA,NA,NA,NA,NA,NA,NA,NA,NA,NA,NA,NA,NA,NA,NA,NA,NA,"NA, NA","NA, NA","NA, NA, NA, NA, NA, NA, NA, NA","https://twitter.com/drctruss/status/1101130705348771841","Cedric Truss, DHA, MSHI","GA","Director of Health Informatics Programs and Assistant Professor at Georgia State University.  Health IT Professional #HealthIT #DigitalHealth #HITsm #Innovation",NA,FALSE,413,505,1,928,168,"2018-07-27 14:06:23",FALSE,NA,NA,"en","https://pbs.twimg.com/profile_banners/1022845657688809472/1533003626","http://abs.twimg.com/images/themes/theme1/bg.png","http://pbs.twimg.com/profile_images/1024115824397713409/3AOQvQHb_normal.jpg","GEORGIA","Georgia","GA"
"53",702,12811952,1101106775380627456,"2019-02-28 13:08:07","Suntimes","The most recent influenza surveillance report from the Illinois Department of Public Health ruled the virus was “widespread” in the state for the week of Feb. 10 to 16. https://t.co/kxNoYxQONC","Sprout Social",192,NA,NA,NA,FALSE,FALSE,2,2,NA,NA,"chicago.suntimes.com/?post_type=cst…","https://t.co/kxNoYxQONC","https://chicago.suntimes.com/?post_type=cst_article&p=1868851",NA,NA,NA,NA,NA,NA,NA,NA,NA,NA,"en",NA,NA,NA,NA,NA,NA,NA,NA,NA,NA,NA,NA,NA,NA,NA,NA,NA,NA,NA,NA,NA,NA,NA,NA,NA,NA,NA,NA,NA,NA,NA,NA,NA,NA,NA,NA,"NA, NA","NA, NA","NA, NA, NA, NA, NA, NA, NA, NA","https://twitter.com/Suntimes/status/1101106775380627456","Chicago Sun-Times","IL","The hardest-working paper in America.","https://t.co/9zF6xhXjPG",FALSE,492727,14319,6216,146945,4806,"2008-01-29 02:38:26",TRUE,"https://t.co/9zF6xhXjPG","https://chicago.suntimes.com/","en","https://pbs.twimg.com/profile_banners/12811952/1549406564","http://abs.twimg.com/images/themes/theme14/bg.gif","http://pbs.twimg.com/profile_images/985223834243493888/Hjb8ei6L_normal.jpg","ILLINOIS","Illinois","IL"
"54",703,835182644967124992,1101098900218413056,"2019-02-28 12:36:49","jackiedavissays","#GeorgiaState researcher Dr. Baozhong Wang is fighting #influenza #TheStateWay. He's received a $3.86 million federal grant to develop a universal #flu vaccine that will protect against any strain of the virus. #GSUResearch https://t.co/drchiWFPT8 https://t.co/b5ZJ7bpmyJ","Hootsuite Inc.",247,NA,NA,NA,FALSE,FALSE,0,0,"GeorgiaState, influenza, TheStateWay, flu, GSUResearch",NA,"ow.ly/JIF0101vdRX","https://t.co/drchiWFPT8","http://ow.ly/JIF0101vdRX","http://pbs.twimg.com/media/D0fjnT5X0AcxS1A.jpg","https://t.co/b5ZJ7bpmyJ","https://twitter.com/jackiedavissays/status/1101098900218413056/photo/1","photo","http://pbs.twimg.com/media/D0fjnT5X0AcxS1A.jpg","https://t.co/b5ZJ7bpmyJ","https://twitter.com/jackiedavissays/status/1101098900218413056/photo/1",NA,NA,NA,"en",NA,NA,NA,NA,NA,NA,NA,NA,NA,NA,NA,NA,NA,NA,NA,NA,NA,NA,NA,NA,NA,NA,NA,NA,NA,NA,NA,NA,NA,NA,NA,NA,NA,NA,NA,NA,"NA, NA","NA, NA","NA, NA, NA, NA, NA, NA, NA, NA","https://twitter.com/jackiedavissays/status/1101098900218413056","Jackie Davis","GA","Wife. Mom. Intrapreneur. ESTJ. Associate Director @enigsu @GeorgiaStateU and @TeachForAmerica Alumna. Passionate about #education #economicempowerment #women",NA,FALSE,232,782,9,1420,873,"2017-02-24 17:40:34",FALSE,NA,NA,"en","https://pbs.twimg.com/profile_banners/835182644967124992/1494874349","http://abs.twimg.com/images/themes/theme1/bg.png","http://pbs.twimg.com/profile_images/1102996491466145792/_jvTe3SJ_normal.jpg","GEORGIA","Georgia","GA"
"55",706,67008915,1100900924594286592,"2019-02-27 23:30:08","InfectDisNews","""Our findings indicated influenza A infection may result in a worse clinical improvement than influenza B among hospitalized patients with influenza virus infection,” researchers said. @IDSAInfo  https://t.co/gfs25RsFjy","Hootsuite Inc.",219,NA,NA,NA,FALSE,FALSE,0,1,NA,NA,"healio.com/infectious-dis…","https://t.co/gfs25RsFjy","https://www.healio.com/infectious-disease/influenza/news/in-the-journals/%7B07f035de-c17d-4476-88f9-d6597f0647b8%7D/influenza-a-causes-more-severe-illness-delayed-clinical-improvement",NA,NA,NA,NA,NA,NA,NA,NA,"76417139","IDSAInfo","en",NA,NA,NA,NA,NA,NA,NA,NA,NA,NA,NA,NA,NA,NA,NA,NA,NA,NA,NA,NA,NA,NA,NA,NA,NA,NA,NA,NA,NA,NA,NA,NA,NA,NA,NA,NA,"NA, NA","NA, NA","NA, NA, NA, NA, NA, NA, NA, NA","https://twitter.com/InfectDisNews/status/1100900924594286594","ID News","NJ","Official feed for Infectious Disease News. Follow us for the latest clinical trial results and ID news. Find us also on FB: https://t.co/TYznTtEzvC","https://t.co/wfbPD6NyEn",FALSE,5511,1100,163,11295,824,"2009-08-19 14:09:24",FALSE,"https://t.co/wfbPD6NyEn","http://www.healio.com/ID","en","https://pbs.twimg.com/profile_banners/67008915/1427900054","http://abs.twimg.com/images/themes/theme1/bg.png","http://pbs.twimg.com/profile_images/463710721830711297/OBf7BJDp_normal.jpeg","NEW JERSEY","New Jersey","NJ"
"56",710,776160221311926272,1100856130857771008,"2019-02-27 20:32:09","PURECompRx","Randomized study of the efficacy and safety of oral elderberry extract in the treatment of influenza A and B virus infections. 
•
Stop by today to stock up on your family’s Elderberry Syrup! 

https://t.co/gYaYgsiPnT 
#local #fresh #organic #purecompounding #compoundingpharmacy https://t.co/wIIGotOlUJ","Twitter for iPhone",278,NA,NA,NA,FALSE,FALSE,1,0,"local, fresh, organic, purecompounding, compoundingpharmacy",NA,"ncbi.nlm.nih.gov/m/pubmed/15080…","https://t.co/gYaYgsiPnT","https://www.ncbi.nlm.nih.gov/m/pubmed/15080016/","http://pbs.twimg.com/media/D0cGzphUwAADJKH.jpg","https://t.co/wIIGotOlUJ","https://twitter.com/PURECompRx/status/1100856130857771014/photo/1","photo","http://pbs.twimg.com/media/D0cGzphUwAADJKH.jpg","https://t.co/wIIGotOlUJ","https://twitter.com/PURECompRx/status/1100856130857771014/photo/1",NA,NA,NA,"en",NA,NA,NA,NA,NA,NA,NA,NA,NA,NA,NA,NA,NA,NA,NA,NA,NA,NA,NA,NA,NA,NA,NA,NA,NA,NA,NA,NA,NA,NA,NA,NA,NA,NA,NA,NA,"NA, NA","NA, NA","NA, NA, NA, NA, NA, NA, NA, NA","https://twitter.com/PURECompRx/status/1100856130857771014","PURE Compounding","SC","We are an independent, locally owned compounding Rx serving physicians,  veterinarians, & patients from the Grand Strand, surrounding counties, and statewide.",NA,FALSE,24,9,0,122,5,"2016-09-14 20:46:31",FALSE,NA,NA,"en","https://pbs.twimg.com/profile_banners/776160221311926276/1473888413",NA,"http://pbs.twimg.com/profile_images/776170264623276032/SytLrk7D_normal.jpg","SOUTH CAROLINA","South Carolina","SC"
"57",713,2457173413,1100841660974534656,"2019-02-27 19:34:39","mathematista","#PLOSONE: Enhanced IL-1ß production is mediated by a TLR2-MYD88-NLRP3 signaling axis during coinfection with influenza A virus and Streptococcus pneumoniae 
https://t.co/2EX0ZWresV","Twitter Web Client",180,NA,NA,NA,FALSE,FALSE,4,0,"PLOSONE",NA,"dx.plos.org/10.1371/journa…","https://t.co/2EX0ZWresV","http://dx.plos.org/10.1371/journal.pone.0212236",NA,NA,NA,NA,NA,NA,NA,NA,NA,NA,"en",NA,NA,NA,NA,NA,NA,NA,NA,NA,NA,NA,NA,NA,NA,NA,NA,NA,NA,NA,NA,NA,NA,NA,NA,NA,NA,NA,NA,NA,NA,NA,NA,NA,NA,NA,NA,"NA, NA","NA, NA","NA, NA, NA, NA, NA, NA, NA, NA","https://twitter.com/mathematista/status/1100841660974534657","Amber Smith","TN","Mathematical Biologist•Model-Driven Experimentalist•Revolutionizing influenza-pneumococcal coinfection biology one equation at a time","https://t.co/RFzQJ5oq3o",FALSE,552,599,9,1183,1116,"2014-04-21 21:45:36",FALSE,"https://t.co/RFzQJ5oq3o","http://www.ambersmithlab.com","en","https://pbs.twimg.com/profile_banners/2457173413/1497200864","http://abs.twimg.com/images/themes/theme9/bg.gif","http://pbs.twimg.com/profile_images/1009279275856531457/ApOJRnnK_normal.jpg","TENNESSEE","Tennessee","TN"
"58",719,493533261,1100817958585155584,"2019-02-27 18:00:28","Tiger_Medical","An adult can spread the virus from about 1 day before to 5 days after symptoms start. Learn what to expect when the #flu progresses. <U+0001F637><U+0001F912><U+0001F321>

Detect influenza early! Check out our list of #Influenza test kit here https://t.co/VemRdFe85s

#Respiratory #NasalSwab #InfluenzaVaccine https://t.co/AAHVhE7COx","Hootsuite Inc.",275,NA,NA,NA,FALSE,FALSE,0,0,"flu, Influenza, Respiratory, NasalSwab, InfluenzaVaccine",NA,"tigermedical.com/Departments/Me…","https://t.co/VemRdFe85s","https://www.tigermedical.com/Departments/Medical-Supplies/Point-Of-Care/FluInfluenza-A-plus-B-Test.aspx","http://pbs.twimg.com/media/D0bkGUXWkAA728d.jpg","https://t.co/AAHVhE7COx","https://twitter.com/Tiger_Medical/status/1100817958585155585/photo/1","photo","http://pbs.twimg.com/media/D0bkGUXWkAA728d.jpg","https://t.co/AAHVhE7COx","https://twitter.com/Tiger_Medical/status/1100817958585155585/photo/1",NA,NA,NA,"en",NA,NA,NA,NA,NA,NA,NA,NA,NA,NA,NA,NA,NA,NA,NA,NA,NA,NA,NA,NA,NA,NA,NA,NA,NA,NA,NA,NA,NA,NA,NA,NA,NA,NA,NA,NA,"NA, NA","NA, NA","NA, NA, NA, NA, NA, NA, NA, NA","https://twitter.com/Tiger_Medical/status/1100817958585155585","TigerMedical.com","NJ","We are a national provider of  Medical Equipment and Supplies for both physicians and patients.","http://t.co/1KWJXw8EAm",FALSE,1516,1935,6,3203,1817,"2012-02-15 22:12:52",FALSE,"http://t.co/1KWJXw8EAm","http://www.tigermedical.com","en","https://pbs.twimg.com/profile_banners/493533261/1420472612","http://abs.twimg.com/images/themes/theme1/bg.png","http://pbs.twimg.com/profile_images/527504321135378433/X5TN2Tkl_normal.jpeg","NEW JERSEY","New Jersey","NJ"
"59",724,215996376,1100811669893246976,"2019-02-27 17:35:28","PEMTweets","The symptoms of #influenza virus include fever, cough, sore throat, runny nose, body aches, headache, chills and fatigue.","Twitter Web Client",121,1.100811504604e+18,215996376,"PEMTweets",FALSE,FALSE,1,0,"influenza",NA,NA,NA,NA,NA,NA,NA,NA,NA,NA,NA,NA,NA,NA,"en",NA,NA,NA,NA,NA,NA,NA,NA,NA,NA,NA,NA,NA,NA,NA,NA,NA,NA,NA,NA,NA,NA,NA,NA,NA,NA,NA,NA,NA,NA,NA,NA,NA,NA,NA,NA,"NA, NA","NA, NA","NA, NA, NA, NA, NA, NA, NA, NA","https://twitter.com/PEMTweets/status/1100811669893246983","Brad Sobolewski","OH","Assistant Director of @CincyPedsRes and PEM Physician @CincyChildrens. @AmerAcadPeds Social Media Ambassador. Views are my own & not medical advice. #FOAMed","https://t.co/UoJYPogtN9",FALSE,1533,137,49,3870,95,"2010-11-15 14:26:15",FALSE,"https://t.co/UoJYPogtN9","http://www.pemblog.com","en",NA,"http://abs.twimg.com/images/themes/theme14/bg.gif","http://pbs.twimg.com/profile_images/897510050675208193/RWEJIioc_normal.jpg","OHIO","Ohio","OH"
"60",726,227743644,1100803841937821696,"2019-02-27 17:04:22","LaneRMC","The flu is hitting our area particularly hard, but many confuse the influenza virus and stomach flu.  These conditions are very different.  Here's how you can tell them apart.
https://t.co/Sntk4lDJks https://t.co/Sntk4lDJks","Facebook",223,NA,NA,NA,FALSE,FALSE,0,0,NA,NA,"hubs.ly/H0gP4cs0, hubs.ly/H0gP4cs0","https://t.co/Sntk4lDJks, https://t.co/Sntk4lDJks","https://hubs.ly/H0gP4cs0, https://hubs.ly/H0gP4cs0",NA,NA,NA,NA,NA,NA,NA,NA,NA,NA,"en",NA,NA,NA,NA,NA,NA,NA,NA,NA,NA,NA,NA,NA,NA,NA,NA,NA,NA,NA,NA,NA,NA,NA,NA,NA,NA,NA,NA,NA,NA,NA,NA,NA,NA,NA,NA,"NA, NA","NA, NA","NA, NA, NA, NA, NA, NA, NA, NA","https://twitter.com/LaneRMC/status/1100803841937821698","Lane RMC","LA","Lane Regional Medical Center is a 141-bed regional facility serving Zachary &  neighboring communities of Baker, Clinton, Central, St. Francisville & south MS.","http://t.co/o9iJlmqvU9",FALSE,149,10,2,1387,0,"2010-12-17 17:49:35",FALSE,"http://t.co/o9iJlmqvU9","http://www.lanermc.org","en","https://pbs.twimg.com/profile_banners/227743644/1362587003","http://abs.twimg.com/images/themes/theme1/bg.png","http://pbs.twimg.com/profile_images/1192961924/lane_medical_logo_normal.gif","LOUISIANA","Louisiana","LA"
"61",727,3002118118,1100793597539037184,"2019-02-27 16:23:40","RepSanfelippo","It's still not too late to get your #flushot to protect yourself and others from the spread of the influenza virus. https://t.co/Nr47u3kFQi","Twitter Web Client",115,NA,NA,NA,TRUE,FALSE,0,0,"flushot",NA,"twitter.com/DHSWI/status/1…","https://t.co/Nr47u3kFQi","https://twitter.com/DHSWI/status/1100786384288108544",NA,NA,NA,NA,NA,NA,NA,NA,NA,NA,"en",1100786384288108544,"Think the flu season is over? Think again! But it's not too late to protect yourself &amp; everyone around you from serious illness. Get a flu shot. Find where the shot is available near you at https://t.co/FkvJsQwTR3 @CDCFlu
#FightFlu https://t.co/wMJlfWXy7t","2019-02-27 15:55:00","TweetDeck",0,0,293028988,"DHSWI","WIDeptHealthServices",2814,255,6613,"Wisconsin, USA","The Official Twitter Account for the Wisconsin Department of Health Services -- Visit us online at:",FALSE,NA,NA,NA,NA,NA,NA,NA,NA,NA,NA,NA,NA,NA,NA,NA,NA,NA,NA,NA,NA,NA,"NA, NA","NA, NA","NA, NA, NA, NA, NA, NA, NA, NA","https://twitter.com/RepSanfelippo/status/1100793597539037188","Joe Sanfelippo","WI","Official Twitter profile of Wisconsin State Representative Joe Sanfelippo, proudly representing WI's 15th Assembly District","http://t.co/qJDtJXztH5",FALSE,1482,1001,58,3081,737,"2015-01-27 21:16:47",FALSE,"http://t.co/qJDtJXztH5","http://legis.wisconsin.gov/assembly/sanfelippo/Pages/default.aspx","en","https://pbs.twimg.com/profile_banners/3002118118/1457538563","http://abs.twimg.com/images/themes/theme1/bg.png","http://pbs.twimg.com/profile_images/679684451102769152/xiERbmtz_normal.jpg","WISCONSIN","Wisconsin","WI"
"62",731,44675315,1100788653918437376,"2019-02-27 16:04:01","famfightflu","#ACIP #flu update: @WHO has made their recommendation for flu virus selection for the 2019-2020 influenza season. A change from this current season. #fightflu https://t.co/YRC2CB0sD5","Hootsuite Inc.",158,NA,NA,NA,FALSE,FALSE,2,1,"ACIP, flu, fightflu",NA,NA,NA,NA,"http://pbs.twimg.com/media/D0bJck8WwAE1tAX.jpg","https://t.co/YRC2CB0sD5","https://twitter.com/famfightflu/status/1100788653918437382/photo/1","photo","http://pbs.twimg.com/media/D0bJck8WwAE1tAX.jpg","https://t.co/YRC2CB0sD5","https://twitter.com/famfightflu/status/1100788653918437382/photo/1",NA,"14499829","WHO","en",NA,NA,NA,NA,NA,NA,NA,NA,NA,NA,NA,NA,NA,NA,NA,NA,NA,NA,NA,NA,NA,NA,NA,NA,NA,NA,NA,NA,NA,NA,NA,NA,NA,NA,NA,NA,"NA, NA","NA, NA","NA, NA, NA, NA, NA, NA, NA, NA","https://twitter.com/famfightflu/status/1100788653918437382","FamiliesFightingFlu","VA","Families Fighting Flu is a nonprofit, 501(c)(3) advocacy organization dedicated to protecting children, families and communities against flu.","http://t.co/eMJ3653FSb",FALSE,2778,1525,56,3412,1521,"2009-06-04 17:59:58",TRUE,"http://t.co/eMJ3653FSb","http://www.familiesfightingflu.org","en","https://pbs.twimg.com/profile_banners/44675315/1541597636","http://abs.twimg.com/images/themes/theme1/bg.png","http://pbs.twimg.com/profile_images/1095872706304663552/fkOkHdSC_normal.png","VIRGINIA","Virginia","VA"
